lane,symbol,opened,closed,return_pct,exit_reason,playbook
system,MARA,2026-10-07T18:55:03.902Z,2026-10-07T19:55:04.157Z,0.5834,sell-signal,Flow Confirm
system,GKOS,2026-10-07T14:10:03.461Z,2026-10-07T19:45:04.864Z,1.8291,trailing-stop,Trend Pulse
system,NBIS,2026-10-07T13:35:03.348Z,2026-10-07T19:35:04.877Z,-1.3562,sell-signal,Mean Reversion
system,BB,2026-10-06T15:10:19.563Z,2026-10-07T19:30:05.576Z,-7.0000,stop,Donchian Swing
system,FCEL,2026-10-07T18:15:03.533Z,2026-10-07T18:55:03.902Z,-1.1781,sell-signal,Flow Confirm
system,CGNX,2026-10-07T16:40:04.304Z,2026-10-07T18:15:03.533Z,-0.3165,sell-signal,Flow Confirm
system,LGN,2026-10-07T16:50:03.593Z,2026-10-07T17:55:03.024Z,-0.5376,sell-signal,Turtle 20 Breakout
system,SITE,2026-10-07T15:40:02.742Z,2026-10-07T17:40:03.671Z,2.7000,partial-target,RSI Recovery
system,VICR,2026-10-07T16:35:03.287Z,2026-10-07T17:30:20.398Z,0.5148,trailing-stop,Mean Reversion
system,VICR,2026-10-07T16:35:03.287Z,2026-10-07T17:05:03.178Z,0.7855,partial-target,Mean Reversion
system,ENS,2026-10-07T16:45:03.532Z,2026-10-07T16:55:04.335Z,0.0499,trailing-stop,Breakout Engine
system,ENS,2026-10-07T16:45:03.532Z,2026-10-07T16:50:03.593Z,0.2882,partial-target,Breakout Engine
system,GKOS,2026-10-07T14:10:03.461Z,2026-10-07T16:45:03.532Z,4.0200,partial-target,Trend Pulse
system,PL,2026-10-07T13:45:03.166Z,2026-10-07T16:40:04.304Z,-0.8814,sell-signal,Flow Confirm
system,KRMN,2026-10-07T15:50:02.891Z,2026-10-07T16:35:03.287Z,0.3830,trailing-stop,Mean Reversion
system,KRMN,2026-10-07T15:50:02.891Z,2026-10-07T16:25:03.056Z,0.6537,partial-target,Mean Reversion
system,TWST,2026-10-07T15:20:49.471Z,2026-10-07T15:55:02.642Z,-3.0675,stop,Turtle 20 Breakout
system,GOOGL,2026-10-07T14:15:41.411Z,2026-10-07T15:50:02.891Z,0.5919,target,Mean Reversion
system,TWST,2026-10-07T14:50:35.183Z,2026-10-07T15:20:49.471Z,0.3649,trailing-stop,RSI Recovery
system,GOOGL,2026-10-07T14:15:41.411Z,2026-10-07T15:20:02.591Z,0.3551,partial-target,Mean Reversion
system,DY,2026-10-06T15:20:04.052Z,2026-10-07T15:00:02.383Z,-4.4546,sell-signal,Trend Pulse
system,TWST,2026-10-07T13:45:03.166Z,2026-10-07T14:50:35.183Z,0.9771,trailing-stop,EMA Pullback Swing
system,CW,2026-10-07T13:35:03.348Z,2026-10-07T14:35:03.426Z,-2.8251,sell-signal,Flow Confirm
system,GOOGL,2026-10-07T14:10:03.461Z,2026-10-07T14:15:41.411Z,0.1350,trailing-stop,Mean Reversion
system,GOOGL,2026-10-07T14:10:03.461Z,2026-10-07T14:10:30.482Z,0.2595,partial-target,Mean Reversion
system,GOOGL,2026-10-07T13:40:03.445Z,2026-10-07T14:10:03.461Z,0.3071,trailing-stop,Mean Reversion
system,GKOS,2026-10-07T13:50:48.437Z,2026-10-07T14:10:03.461Z,-2.5000,stop,Turtle 20 Breakout
system,MRVL,2026-10-06T14:20:03.949Z,2026-10-07T14:05:03.891Z,-3.4680,sell-signal,Trend Pulse
system,GOOGL,2026-10-07T13:40:03.445Z,2026-10-07T14:00:04.436Z,0.5701,partial-target,Mean Reversion
system,GKOS,2026-10-07T13:35:34.811Z,2026-10-07T13:50:48.437Z,1.2593,trailing-stop,Turtle 20 Breakout
system,CTVA,2026-10-07T13:35:34.811Z,2026-10-07T13:50:03.247Z,-2.5000,stop,Turtle 20 Breakout
system,PL,2026-10-07T13:40:03.445Z,2026-10-07T13:45:03.166Z,1.0245,trailing-stop,Flow Confirm
system,AAOI,2026-10-07T13:40:03.445Z,2026-10-07T13:45:03.166Z,1.7230,trailing-stop,Connors RSI(2)
system,GOOGL,2026-10-05T19:50:11.137Z,2026-10-07T13:40:03.445Z,-0.6435,sell-signal,Flow Confirm
system,TWLO,2026-10-06T19:30:03.653Z,2026-10-07T13:40:03.445Z,-1.3658,stop,Mean Reversion
system,ASTS,2026-10-06T19:35:03.200Z,2026-10-07T13:40:03.445Z,-5.0000,stop,Trend Pulse
system,FCEL,2026-10-07T13:35:03.348Z,2026-10-07T13:40:03.445Z,-3.5000,stop,Connors RSI(2)
system,CTVA,2026-10-06T19:20:03.541Z,2026-10-07T13:35:34.811Z,1.4306,trailing-stop,EMA Reclaim Trend
system,GKOS,2026-10-07T13:35:03.348Z,2026-10-07T13:35:34.811Z,-2.5000,stop,Turtle 20 Breakout
system,ETHA,2026-10-06T13:40:03.626Z,2026-10-07T13:35:03.348Z,-5.7445,stop,EMA Reclaim Trend
system,STX,2026-10-06T14:20:03.949Z,2026-10-07T13:35:03.348Z,-5.0277,stop,Mean Reversion
system,TSEM,2026-10-06T15:00:56.488Z,2026-10-07T13:35:03.348Z,-7.0960,stop,Donchian Swing
system,PRIM,2026-10-06T16:20:02.749Z,2026-10-07T13:35:03.348Z,-2.9720,stop,EMA Reclaim Trend
system,ALAB,2026-10-06T18:05:02.917Z,2026-10-07T13:35:03.348Z,-3.9346,stop,Championship VCP Breakout
system,ELVN,2026-10-06T18:50:02.794Z,2026-10-07T13:35:03.348Z,-2.5000,stop,Turtle 20 Breakout
system,CTVA,2026-10-06T19:20:03.541Z,2026-10-07T13:35:03.348Z,2.0400,partial-target,EMA Reclaim Trend
system,NBIS,2026-10-06T19:25:03.036Z,2026-10-07T13:35:03.348Z,-3.5000,stop,Connors RSI(2)
system,CIEN,2026-10-06T19:55:03.363Z,2026-10-07T13:35:03.348Z,-5.0000,stop,Flow Confirm
system,NRG,2026-10-06T18:55:03.043Z,2026-10-06T19:55:03.363Z,-0.6335,sell-signal,Flow Confirm
system,SMR,2026-10-06T14:05:29.199Z,2026-10-06T19:35:03.200Z,-2.0221,sell-signal,Trend Pulse
system,AEHR,2026-10-06T18:50:02.794Z,2026-10-06T19:30:03.653Z,-1.8387,stop,Mean Reversion
system,WING,2026-10-06T17:00:03.842Z,2026-10-06T19:25:03.036Z,-2.0052,sell-signal,Flow Confirm
system,PCOR,2026-10-05T15:25:12.546Z,2026-10-06T19:20:03.541Z,-1.1448,sell-signal,EMA Reclaim Trend
system,ADPT,2026-10-06T16:35:03.819Z,2026-10-06T18:55:03.043Z,-0.6185,sell-signal,Flow Confirm
system,ELVN,2026-10-06T17:05:02.765Z,2026-10-06T18:50:02.794Z,1.3371,target,Mean Reversion
system,OKLO,2026-10-06T18:40:02.729Z,2026-10-06T18:50:02.794Z,0.4400,sell-signal,Connors RSI(2)
system,ELVN,2026-10-06T17:05:02.765Z,2026-10-06T18:44:47.275Z,0.8023,partial-target,Mean Reversion
system,VST,2026-10-06T18:20:02.799Z,2026-10-06T18:40:02.729Z,-0.0094,sell-signal,Connors RSI(2)
system,NRG,2026-10-06T16:30:03.283Z,2026-10-06T18:20:02.799Z,-1.6359,stop,Championship VCP Breakout
system,CEG,2026-10-06T14:35:03.816Z,2026-10-06T18:05:02.917Z,1.4236,trailing-stop,Relative Strength Leader
system,TLN,2026-10-06T14:25:03.497Z,2026-10-06T17:05:02.765Z,2.4233,sell-signal,Breakout Engine
system,FCEL,2026-10-06T16:00:03.125Z,2026-10-06T17:00:03.842Z,-0.5440,sell-signal,Flow Confirm
system,NBIS,2026-10-06T13:50:37.728Z,2026-10-06T16:35:03.819Z,2.5110,sell-signal,Breakout Engine
system,ALAB,2026-10-06T16:10:02.885Z,2026-10-06T16:30:03.283Z,0.0375,sell-signal,Connors RSI(2)
system,CEG,2026-10-06T14:35:03.816Z,2026-10-06T16:25:02.982Z,2.4000,partial-target,Relative Strength Leader
system,PL,2026-10-06T14:55:26.456Z,2026-10-06T16:20:02.749Z,-2.2000,stop,EMA Reclaim Trend
system,CIEN,2026-10-06T14:30:03.702Z,2026-10-06T16:10:02.885Z,1.3784,trailing-stop,Flow Confirm
system,AAOI,2026-10-06T15:10:03.574Z,2026-10-06T16:00:03.125Z,-0.7386,sell-signal,Flow Confirm
system,TEAM,2026-10-01T18:10:04.225Z,2026-10-06T15:20:04.052Z,2.0985,trailing-stop,EMA Pullback Swing
system,ELVN,2026-10-06T14:25:03.497Z,2026-10-06T15:10:19.563Z,1.2934,trailing-stop,Mean Reversion
system,OKLO,2026-10-06T13:45:55.588Z,2026-10-06T15:10:03.574Z,1.3228,trailing-stop,Trend Pulse
system,ELVN,2026-10-06T14:25:03.497Z,2026-10-06T15:10:03.574Z,3.1695,partial-target,Mean Reversion
system,ALAB,2026-10-06T13:40:03.626Z,2026-10-06T15:00:56.488Z,0.0914,sell-signal,Flow Confirm
system,NBIS,2026-10-06T13:50:37.728Z,2026-10-06T15:00:04.178Z,2.0300,partial-target,Breakout Engine
system,SYRE,2026-10-06T14:20:03.949Z,2026-10-06T14:55:26.456Z,0.6365,trailing-stop,Mean Reversion
system,QGEN,2026-10-06T14:15:03.619Z,2026-10-06T14:35:03.816Z,-0.5531,sell-signal,Connors RSI(2)
system,MYRG,2026-10-06T14:25:03.497Z,2026-10-06T14:35:03.816Z,-1.5000,stop,Breakout Engine
system,NVDA,2026-10-05T19:35:11.556Z,2026-10-06T14:30:03.702Z,0.8400,sell-signal,Flow Confirm
system,CAI,2026-10-06T14:20:03.949Z,2026-10-06T14:25:03.497Z,1.1223,trailing-stop,Connors RSI(2)
system,ELVN,2026-10-06T14:20:03.949Z,2026-10-06T14:25:03.497Z,1.3149,trailing-stop,Mean Reversion
system,MELI,2026-10-06T13:35:03.488Z,2026-10-06T14:20:03.949Z,-2.2000,stop,EMA Reclaim Trend
system,CEG,2026-10-06T13:55:31.232Z,2026-10-06T14:20:03.949Z,-2.4732,sell-signal,Darvas Box Breakout
system,MRVL,2026-10-06T14:15:03.619Z,2026-10-06T14:20:03.949Z,1.2353,trailing-stop,Trend Pulse
system,CAI,2026-10-06T14:15:03.619Z,2026-10-06T14:20:03.949Z,0.9187,trailing-stop,Connors RSI(2)
system,ELVN,2026-10-06T14:15:03.619Z,2026-10-06T14:20:03.949Z,-0.7526,stop,Mean Reversion
system,QGEN,2026-10-02T16:45:05.670Z,2026-10-06T14:15:03.619Z,2.4276,trailing-stop,EMA Pullback Swing
system,MPWR,2026-10-02T19:40:07.086Z,2026-10-06T14:15:03.619Z,1.5491,trailing-stop,Trend Pulse
system,CAI,2026-10-06T13:40:03.626Z,2026-10-06T14:15:03.619Z,-7.0000,stop,EMA Pullback Swing
system,ASTS,2026-10-06T14:05:03.781Z,2026-10-06T14:15:03.619Z,-1.5000,stop,Breakout Engine
system,MRVL,2026-10-06T14:05:29.199Z,2026-10-06T14:15:03.619Z,-1.3939,stop,Breakout Engine
system,SMR,2026-10-06T13:50:03.039Z,2026-10-06T14:05:29.199Z,0.8070,trailing-stop,Trend Pulse
system,MRVL,2026-10-06T14:05:03.781Z,2026-10-06T14:05:29.199Z,-1.3939,stop,Breakout Engine
system,CRL,2026-10-05T19:05:11.093Z,2026-10-06T14:05:03.781Z,3.8177,trailing-stop,Turtle 20 Breakout
system,CEG,2026-10-06T13:35:03.488Z,2026-10-06T13:55:31.232Z,0.2978,trailing-stop,Darvas Box Breakout
system,NBIS,2026-10-06T13:50:03.039Z,2026-10-06T13:50:37.728Z,-1.5000,stop,Breakout Engine
system,TEM,2026-10-06T13:45:03.137Z,2026-10-06T13:50:03.039Z,-1.5000,stop,Breakout Engine
system,SMR,2026-10-06T13:45:03.137Z,2026-10-06T13:50:03.039Z,1.0138,trailing-stop,Trend Pulse
system,MRVL,2026-10-06T13:40:38.628Z,2026-10-06T13:45:55.588Z,1.0939,trailing-stop,Breakout Engine
system,HPE,2026-10-06T13:35:39.994Z,2026-10-06T13:45:03.137Z,0.2587,trailing-stop,Breakout Engine
system,SMR,2026-10-06T13:40:03.626Z,2026-10-06T13:45:03.137Z,1.5287,trailing-stop,Trend Pulse
system,MRVL,2026-10-06T13:40:03.626Z,2026-10-06T13:40:38.628Z,-1.5000,stop,Breakout Engine
system,STX,2026-10-05T13:40:11.861Z,2026-10-06T13:40:03.626Z,-7.0000,stop,EMA Pullback Swing
system,SRRK,2026-10-05T18:55:09.677Z,2026-10-06T13:40:03.626Z,0.6589,trailing-stop,Mean Reversion
system,NKE,2026-10-05T19:55:11.139Z,2026-10-06T13:40:03.626Z,-0.6219,sell-signal,EMA Reclaim Trend
system,ALAB,2026-10-06T13:35:03.488Z,2026-10-06T13:40:03.626Z,1.0661,trailing-stop,Flow Confirm
system,HPE,2026-10-06T13:35:39.994Z,2026-10-06T13:40:03.626Z,0.5631,partial-target,Breakout Engine
system,NBIS,2026-10-06T13:35:39.994Z,2026-10-06T13:40:03.626Z,-1.5000,stop,Breakout Engine
system,HPE,2026-10-02T15:30:05.909Z,2026-10-06T13:35:39.994Z,0.9624,trailing-stop,Donchian Swing
system,TWST,2026-10-06T13:35:03.488Z,2026-10-06T13:35:39.994Z,-1.5000,stop,Breakout Engine
system,ECHO,2026-10-02T19:00:07.551Z,2026-10-06T13:35:03.488Z,6.7000,target,Trend Pulse
system,MELI,2026-10-05T14:30:11.208Z,2026-10-06T13:35:03.488Z,4.0000,target,Relative Strength Leader
system,UMC,2026-10-05T16:20:12.781Z,2026-10-06T13:35:03.488Z,-1.0723,sell-signal,RSI Recovery
system,TWST,2026-10-05T16:45:15.322Z,2026-10-06T13:35:03.488Z,3.4000,target,EMA Reclaim Trend
system,SRRK,2026-10-05T18:55:09.677Z,2026-10-06T13:35:03.488Z,1.2444,partial-target,Mean Reversion
system,QCOM,2026-10-05T19:40:11.973Z,2026-10-06T13:35:03.488Z,0.2806,target,Mean Reversion
system,BSY,2026-10-05T16:35:12.598Z,2026-10-05T19:55:11.139Z,-0.8207,sell-signal,EMA Reclaim Trend
system,BBWI,2026-10-05T19:20:12.602Z,2026-10-05T19:50:11.137Z,-0.1432,sell-signal,Flow Confirm
system,CLF,2026-10-05T17:00:16.012Z,2026-10-05T19:40:11.973Z,0.7730,trailing-stop,Flow Confirm
system,ITUB,2026-10-05T16:55:12.268Z,2026-10-05T19:35:11.556Z,-0.2008,sell-signal,Flow Confirm
system,ILMN,2026-10-05T18:15:13.175Z,2026-10-05T19:20:12.602Z,0.6611,sell-signal,Flow Confirm
system,WDC,2026-10-05T18:35:12.010Z,2026-10-05T19:05:11.093Z,-0.1952,sell-signal,Connors RSI(2)
system,AFRM,2026-10-05T17:20:14.298Z,2026-10-05T18:55:09.677Z,0.1407,sell-signal,Breakout Engine
system,TWST,2026-10-05T16:45:15.322Z,2026-10-05T18:35:12.010Z,2.0400,partial-target,EMA Reclaim Trend
system,CHRW,2026-10-05T16:45:15.322Z,2026-10-05T18:35:12.010Z,1.3101,trailing-stop,Turtle 20 Breakout
system,DAVE,2026-10-05T15:40:12.773Z,2026-10-05T18:15:13.175Z,1.8692,sell-signal,Flow Confirm
system,MELI,2026-10-05T14:30:11.208Z,2026-10-05T17:25:11.616Z,2.4000,partial-target,Relative Strength Leader
system,WOLF,2026-10-05T16:45:15.322Z,2026-10-05T17:20:14.298Z,-1.3202,sell-signal,Turtle 20 Breakout
system,PBR,2026-10-05T13:45:12.650Z,2026-10-05T17:00:16.012Z,1.4697,trailing-stop,Flow Confirm
system,INSM,2026-10-05T15:30:17.778Z,2026-10-05T16:55:12.268Z,0.2840,sell-signal,Flow Confirm
system,WOLF,2026-10-05T13:40:11.861Z,2026-10-05T16:45:15.322Z,6.0462,sell-signal,Mean Reversion
system,PCVX,2026-10-05T14:55:30.255Z,2026-10-05T16:45:15.322Z,-4.8613,stop,Relative Strength Leader
system,RIG,2026-10-05T15:10:12.378Z,2026-10-05T16:45:15.322Z,-0.3245,sell-signal,Turtle 20 Breakout
system,CRL,2026-10-05T15:45:14.350Z,2026-10-05T16:35:12.598Z,0.2902,trailing-stop,Breakout Engine
system,U,2026-10-05T15:30:17.778Z,2026-10-05T16:20:12.781Z,-0.5960,sell-signal,Turtle 20 Breakout
system,CRL,2026-10-05T15:45:14.350Z,2026-10-05T16:15:14.087Z,0.6297,partial-target,Breakout Engine
system,WOLF,2026-10-05T13:40:11.861Z,2026-10-05T15:55:12.471Z,4.3165,partial-target,Mean Reversion
system,BBD,2026-10-05T14:50:16.803Z,2026-10-05T15:45:14.350Z,-0.7360,sell-signal,Turtle 20 Breakout
system,NU,2026-10-05T13:45:12.650Z,2026-10-05T15:40:12.773Z,0.0000,sell-signal,Flow Confirm
system,KRMN,2026-10-02T17:35:04.995Z,2026-10-05T15:30:17.778Z,-2.5379,sell-signal,Trend Pulse
system,SPCX,2026-10-02T19:20:05.343Z,2026-10-05T15:30:17.778Z,4.6011,sell-signal,Flow Confirm
system,WDC,2026-10-05T13:40:11.861Z,2026-10-05T15:25:12.546Z,0.9640,trailing-stop,Relative Strength Leader
system,PTC,2026-10-05T13:40:11.861Z,2026-10-05T15:10:12.378Z,-0.6651,sell-signal,Breakout Engine
system,PCVX,2026-10-05T14:50:16.803Z,2026-10-05T14:55:30.255Z,0.9895,trailing-stop,Relative Strength Leader
system,ILMN,2026-10-05T13:45:12.650Z,2026-10-05T14:50:16.803Z,0.6010,trailing-stop,Breakout Engine
system,PCVX,2026-10-05T14:45:10.441Z,2026-10-05T14:50:16.803Z,1.1071,trailing-stop,Relative Strength Leader
system,PCVX,2026-10-05T14:45:10.441Z,2026-10-05T14:45:41.149Z,2.4000,partial-target,Relative Strength Leader
system,ILMN,2026-10-05T13:45:12.650Z,2026-10-05T14:45:10.441Z,1.0791,partial-target,Breakout Engine
system,PCVX,2026-10-05T14:05:32.605Z,2026-10-05T14:45:10.441Z,-5.9997,stop,Relative Strength Leader
system,LLY,2026-10-05T13:35:09.932Z,2026-10-05T14:30:11.208Z,-1.5000,stop,Breakout Engine
system,PCVX,2026-10-05T14:05:10.791Z,2026-10-05T14:05:32.605Z,4.0000,target,Relative Strength Leader
system,ECHO,2026-10-02T19:00:07.551Z,2026-10-05T14:05:10.791Z,4.0200,partial-target,Trend Pulse
system,SPCX,2026-10-02T19:20:05.343Z,2026-10-05T14:05:10.791Z,4.0200,partial-target,Flow Confirm
system,CHRW,2026-10-05T13:50:46.189Z,2026-10-05T14:05:10.791Z,-2.1565,stop,Mean Reversion
system,CHRW,2026-10-05T13:35:30.923Z,2026-10-05T13:50:46.189Z,0.9621,trailing-stop,Mean Reversion
system,JBS,2026-10-02T19:35:05.914Z,2026-10-05T13:45:12.650Z,1.6709,trailing-stop,Flow Confirm
system,ILMN,2026-10-05T13:35:09.932Z,2026-10-05T13:45:12.650Z,1.4788,target,Breakout Engine
system,MTRN,2026-10-05T13:35:09.932Z,2026-10-05T13:45:12.650Z,-2.2000,stop,EMA Reclaim Trend
system,HUT,2026-10-02T14:40:42.681Z,2026-10-05T13:40:11.861Z,-7.0000,stop,EMA Pullback Swing
system,WOLF,2026-10-05T13:35:09.932Z,2026-10-05T13:40:11.861Z,2.3653,trailing-stop,Mean Reversion
system,LQDA,2026-10-05T13:35:09.932Z,2026-10-05T13:40:11.861Z,2.3521,trailing-stop,Flow Confirm
system,WDC,2026-10-05T13:35:30.923Z,2026-10-05T13:40:11.861Z,-1.5000,stop,Breakout Engine
system,WDC,2026-10-05T13:35:09.932Z,2026-10-05T13:35:30.923Z,-1.5000,stop,Breakout Engine
system,WOLF,2026-10-05T13:35:09.932Z,2026-10-05T13:35:30.923Z,3.9639,partial-target,Mean Reversion
system,LLY,2026-09-24T14:20:07.222Z,2026-10-05T13:35:09.932Z,-2.8205,time,Donchian Swing
system,ILMN,2026-09-24T19:25:02.055Z,2026-10-05T13:35:09.932Z,-0.9806,time,Donchian Swing
system,FPS,2026-10-02T16:40:05.834Z,2026-10-05T13:35:09.932Z,-0.5250,sell-signal,Championship VCP Breakout
system,MTRN,2026-10-02T17:10:04.799Z,2026-10-05T13:35:09.932Z,1.8021,trailing-stop,Flow Confirm
system,TER,2026-10-02T19:15:05.591Z,2026-10-05T13:35:09.932Z,-1.3137,sell-signal,EMA Reclaim Trend
system,STRL,2026-10-02T19:25:05.867Z,2026-10-05T13:35:09.932Z,-2.2000,stop,EMA Reclaim Trend
system,WDC,2026-10-02T19:55:03.791Z,2026-10-05T13:35:09.932Z,3.4000,target,EMA Reclaim Trend
system,SMTC,2026-10-02T16:30:05.890Z,2026-10-02T19:55:03.791Z,-1.9679,sell-signal,EMA Reclaim Trend
system,DOCS,2026-10-02T13:45:03.954Z,2026-10-02T19:40:07.086Z,-2.6650,sell-signal,Trend Pulse
system,WDC,2026-10-02T18:50:05.429Z,2026-10-02T19:35:05.914Z,-0.2513,sell-signal,Flow Confirm
system,SITM,2026-10-02T16:25:04.771Z,2026-10-02T19:25:05.867Z,-2.2000,stop,EMA Reclaim Trend
system,STX,2026-10-02T17:40:04.914Z,2026-10-02T19:20:05.343Z,0.9616,sell-signal,Flow Confirm
system,ARW,2026-10-02T18:30:05.497Z,2026-10-02T19:15:05.591Z,-0.9523,sell-signal,EMA Reclaim Trend
system,RDW,2026-10-02T15:00:05.408Z,2026-10-02T19:00:07.551Z,-4.4425,sell-signal,Trend Pulse
system,MTSI,2026-10-02T18:40:04.677Z,2026-10-02T18:50:05.429Z,0.3545,sell-signal,Connors RSI(2)
system,NKE,2026-10-02T13:35:03.962Z,2026-10-02T18:40:04.677Z,2.5213,sell-signal,Mean Reversion
system,ARM,2026-10-02T15:25:27.194Z,2026-10-02T18:30:05.497Z,-2.2000,stop,EMA Reclaim Trend
system,WOLF,2026-10-02T14:50:36.021Z,2026-10-02T17:40:04.914Z,-2.9722,sell-signal,Flow Confirm
system,TER,2026-10-02T17:20:05.986Z,2026-10-02T17:35:04.995Z,0.1936,sell-signal,Connors RSI(2)
system,NTAP,2026-10-02T15:40:04.461Z,2026-10-02T17:20:05.986Z,0.9558,sell-signal,Flow Confirm
system,AMKR,2026-10-02T15:55:04.899Z,2026-10-02T17:10:04.799Z,-0.1965,sell-signal,Turtle 20 Breakout
system,HOOD,2026-10-02T13:40:04.307Z,2026-10-02T16:45:05.670Z,-4.4400,sell-signal,EMA Pullback Swing
system,VIAV,2026-10-02T15:25:04.806Z,2026-10-02T16:40:05.834Z,0.5872,sell-signal,Flow Confirm
system,MXL,2026-10-02T15:30:05.909Z,2026-10-02T16:30:05.890Z,1.0587,trailing-stop,EMA Reclaim Trend
system,ALGM,2026-10-02T15:15:04.932Z,2026-10-02T16:25:04.771Z,1.2758,trailing-stop,EMA Reclaim Trend
system,MXL,2026-10-02T15:30:05.909Z,2026-10-02T16:15:05.866Z,2.0400,partial-target,EMA Reclaim Trend
system,WDC,2026-10-02T15:45:05.319Z,2026-10-02T15:55:04.899Z,2.1520,target,Mean Reversion
system,BMNR,2026-10-02T13:50:04.004Z,2026-10-02T15:45:05.319Z,-4.2387,sell-signal,Trend Pulse
system,CRDO,2026-10-02T15:25:04.806Z,2026-10-02T15:40:04.461Z,0.3720,sell-signal,Connors RSI(2)
system,CIEN,2026-10-02T13:35:35.033Z,2026-10-02T15:30:05.909Z,1.1530,trailing-stop,EMA Reclaim Trend
system,HPE,2026-10-02T13:35:35.033Z,2026-10-02T15:30:05.909Z,0.8985,trailing-stop,Breakout Engine
system,ALGM,2026-10-02T15:15:04.932Z,2026-10-02T15:30:05.909Z,2.0400,partial-target,EMA Reclaim Trend
system,IBRX,2026-10-02T14:50:04.494Z,2026-10-02T15:25:27.194Z,1.0076,trailing-stop,Donchian Swing
system,CLSK,2026-10-02T13:40:04.307Z,2026-10-02T15:25:04.806Z,-4.3755,sell-signal,Flow Confirm
system,AAOI,2026-10-02T14:50:36.021Z,2026-10-02T15:25:04.806Z,-2.1287,sell-signal,Flow Confirm
system,CRDO,2026-10-02T14:00:55.289Z,2026-10-02T15:15:04.932Z,-1.5000,stop,Breakout Engine
system,HPE,2026-10-02T13:35:35.033Z,2026-10-02T15:00:05.408Z,1.8508,partial-target,Breakout Engine
system,FCEL,2026-10-02T14:05:43.744Z,2026-10-02T15:00:05.408Z,0.9348,trailing-stop,Trend Pulse
system,AAOI,2026-10-02T14:20:04.481Z,2026-10-02T14:50:36.021Z,1.0295,trailing-stop,Flow Confirm
system,WOLF,2026-10-02T14:45:58.321Z,2026-10-02T14:50:36.021Z,1.0857,trailing-stop,Flow Confirm
system,CDNS,2026-10-02T14:30:04.585Z,2026-10-02T14:50:04.494Z,0.3210,sell-signal,Connors RSI(2)
system,WOLF,2026-10-02T14:35:06.343Z,2026-10-02T14:45:58.321Z,-0.1144,trailing-stop,Flow Confirm
system,HUT,2026-10-02T13:35:35.033Z,2026-10-02T14:40:42.681Z,1.0954,trailing-stop,EMA Pullback Swing
system,MTSI,2026-10-01T19:30:06.924Z,2026-10-02T14:35:06.343Z,6.7000,target,Flow Confirm
system,CDNS,2026-10-02T13:55:04.345Z,2026-10-02T14:30:04.585Z,-2.2000,stop,EMA Reclaim Trend
system,CIEN,2026-10-02T13:35:35.033Z,2026-10-02T14:25:04.402Z,2.0400,partial-target,EMA Reclaim Trend
system,IREN,2026-10-02T13:40:40.539Z,2026-10-02T14:20:04.481Z,0.9844,trailing-stop,Breakout Engine
system,MXL,2026-10-02T14:00:55.289Z,2026-10-02T14:05:43.744Z,1.0976,trailing-stop,Flow Confirm
system,IBRX,2026-10-02T13:50:37.664Z,2026-10-02T14:00:55.289Z,0.8790,trailing-stop,Breakout Engine
system,CRDO,2026-10-02T13:50:37.664Z,2026-10-02T14:00:55.289Z,1.1834,trailing-stop,Flow Confirm
system,CDNS,2026-10-01T15:05:03.742Z,2026-10-02T13:55:04.345Z,1.3669,trailing-stop,EMA Reclaim Trend
system,FICO,2026-10-02T13:35:03.962Z,2026-10-02T13:50:37.664Z,1.6355,trailing-stop,Mean Reversion
system,BMNR,2026-10-02T13:35:35.033Z,2026-10-02T13:50:04.004Z,-1.5000,stop,Breakout Engine
system,DOCS,2026-10-01T13:35:50.528Z,2026-10-02T13:45:03.954Z,1.3247,trailing-stop,EMA Reclaim Trend
system,CTVA,2026-10-01T19:15:06.806Z,2026-10-02T13:40:40.539Z,-1.0900,trailing-stop,RSI Recovery
system,IREN,2026-10-02T13:40:04.307Z,2026-10-02T13:40:40.539Z,-1.5000,stop,Breakout Engine
system,ARM,2026-09-29T14:05:03.406Z,2026-10-02T13:40:04.307Z,1.5363,trailing-stop,EMA Pullback Swing
system,CTSH,2026-10-02T13:35:03.962Z,2026-10-02T13:40:04.307Z,0.9285,trailing-stop,Connors RSI(2)
system,HPE,2026-09-30T13:45:02.889Z,2026-10-02T13:35:35.033Z,0.8027,trailing-stop,Donchian Swing
system,VIAV,2026-10-01T19:20:06.359Z,2026-10-02T13:35:35.033Z,1.4890,trailing-stop,Flow Confirm
system,U,2026-10-01T19:45:06.606Z,2026-10-02T13:35:35.033Z,1.8479,trailing-stop,EMA Pullback Swing
system,CIEN,2026-10-01T19:45:06.606Z,2026-10-02T13:35:35.033Z,1.3275,trailing-stop,Flow Confirm
system,ALGM,2026-10-02T13:35:03.962Z,2026-10-02T13:35:35.033Z,-1.5000,stop,Breakout Engine
system,DOCS,2026-10-01T13:35:50.528Z,2026-10-02T13:35:03.962Z,2.0400,partial-target,EMA Reclaim Trend
system,IBM,2026-10-01T13:50:05.011Z,2026-10-02T13:35:03.962Z,-2.4000,stop,Relative Strength Leader
system,ACN,2026-10-01T14:55:04.096Z,2026-10-02T13:35:03.962Z,-2.8229,stop,Relative Strength Leader
system,CTSH,2026-10-01T19:25:05.466Z,2026-10-02T13:35:03.962Z,-2.2000,stop,EMA Reclaim Trend
system,MTSI,2026-10-01T19:30:06.924Z,2026-10-02T13:35:03.962Z,4.0200,partial-target,Flow Confirm
system,MCK,2026-10-01T19:40:05.523Z,2026-10-02T13:35:03.962Z,-1.5000,stop,Breakout Engine
system,CDNS,2026-10-01T15:05:03.742Z,2026-10-02T13:30:34.219Z,2.0400,partial-target,EMA Reclaim Trend
system,GWRE,2026-10-01T14:00:48.295Z,2026-10-01T19:45:06.606Z,1.1486,trailing-stop,EMA Pullback Swing
system,MTRN,2026-10-01T19:05:05.629Z,2026-10-01T19:45:06.606Z,-0.6899,sell-signal,Breakout Engine
system,CDW,2026-10-01T18:20:04.412Z,2026-10-01T19:40:05.523Z,0.1753,sell-signal,Flow Confirm
system,TSEM,2026-10-01T15:15:05.021Z,2026-10-01T19:30:06.924Z,-0.1559,sell-signal,Flow Confirm
system,VICR,2026-10-01T15:55:04.285Z,2026-10-01T19:25:05.466Z,-2.2000,stop,EMA Reclaim Trend
system,FICO,2026-10-01T19:05:05.629Z,2026-10-01T19:20:06.359Z,0.5389,sell-signal,Flow Confirm
system,JBS,2026-10-01T18:45:06.033Z,2026-10-01T19:15:06.806Z,0.9014,target,Mean Reversion
system,FICO,2026-10-01T13:50:05.011Z,2026-10-01T19:05:05.629Z,2.8632,sell-signal,Breakout Engine
system,XENE,2026-10-01T16:30:27.291Z,2026-10-01T19:05:05.629Z,-1.1372,sell-signal,Flow Confirm
system,LQDA,2026-10-01T18:20:33.479Z,2026-10-01T18:45:06.033Z,-3.3617,stop,Turtle 20 Breakout
system,LQDA,2026-10-01T18:15:38.526Z,2026-10-01T18:20:33.479Z,1.0497,trailing-stop,Turtle 20 Breakout
system,SNPS,2026-10-01T17:00:07.372Z,2026-10-01T18:20:04.412Z,1.3477,trailing-stop,Flow Confirm
system,LQDA,2026-10-01T16:55:04.848Z,2026-10-01T18:15:38.526Z,1.2350,trailing-stop,Turtle 20 Breakout
system,SMTC,2026-09-29T15:05:02.411Z,2026-10-01T18:10:04.225Z,1.6200,trailing-stop,EMA Pullback Swing
system,CIEN,2026-10-01T16:25:04.297Z,2026-10-01T17:00:07.372Z,-0.5746,sell-signal,Flow Confirm
system,AAOI,2026-10-01T14:40:03.939Z,2026-10-01T16:55:04.848Z,0.3452,sell-signal,Breakout Engine
system,LITE,2026-10-01T15:40:03.838Z,2026-10-01T16:30:27.291Z,-0.8459,sell-signal,Flow Confirm
system,FICO,2026-10-01T13:50:05.011Z,2026-10-01T16:25:04.297Z,2.6495,partial-target,Breakout Engine
system,FN,2026-10-01T14:55:04.096Z,2026-10-01T16:25:04.297Z,0.7225,sell-signal,Flow Confirm
system,COHR,2026-10-01T14:30:05.289Z,2026-10-01T15:55:04.285Z,1.1820,trailing-stop,Breakout Engine
system,LITE,2026-10-01T14:35:03.887Z,2026-10-01T15:40:03.838Z,1.2559,trailing-stop,Flow Confirm
system,SNPS,2026-10-01T13:55:27.679Z,2026-10-01T15:15:05.021Z,-2.2502,sell-signal,Flow Confirm
system,CEG,2026-10-01T14:00:06.008Z,2026-10-01T15:05:03.742Z,-2.4000,stop,Relative Strength Leader
system,ITUB,2026-09-30T18:20:14.051Z,2026-10-01T14:55:04.096Z,-2.2000,stop,EMA Reclaim Trend
system,CTSH,2026-10-01T14:40:03.939Z,2026-10-01T14:55:04.096Z,-2.4000,stop,Relative Strength Leader
system,INFY,2026-10-01T13:55:27.679Z,2026-10-01T14:40:03.939Z,0.9404,trailing-stop,Relative Strength Leader
system,IT,2026-10-01T13:40:03.586Z,2026-10-01T14:35:03.887Z,-2.3390,sell-signal,Flow Confirm
system,TRU,2026-10-01T13:35:03.492Z,2026-10-01T14:30:05.289Z,-2.5000,stop,Turtle 20 Breakout
system,ACN,2026-10-01T14:05:04.158Z,2026-10-01T14:30:05.289Z,-1.5000,stop,Breakout Engine
system,LITE,2026-10-01T14:00:06.008Z,2026-10-01T14:05:04.158Z,-1.5000,stop,Breakout Engine
system,GWRE,2026-10-01T13:45:04.252Z,2026-10-01T14:00:48.295Z,1.2482,trailing-stop,EMA Pullback Swing
system,CTSH,2026-10-01T13:35:50.528Z,2026-10-01T14:00:06.008Z,-1.5000,stop,Breakout Engine
system,ACN,2026-10-01T13:50:05.011Z,2026-10-01T14:00:06.008Z,-1.5000,stop,Breakout Engine
system,SYRE,2026-09-30T14:05:02.998Z,2026-10-01T13:55:27.679Z,0.0555,trailing-stop,Trend Pulse
system,SNPS,2026-10-01T13:35:03.492Z,2026-10-01T13:55:27.679Z,1.1594,trailing-stop,Flow Confirm
system,SNPS,2026-10-01T13:35:03.492Z,2026-10-01T13:55:03.755Z,4.0200,partial-target,Flow Confirm
system,PCOR,2026-09-30T19:45:08.379Z,2026-10-01T13:50:05.011Z,1.2896,trailing-stop,Trend Pulse
system,XENE,2026-10-01T13:45:04.252Z,2026-10-01T13:50:05.011Z,-1.5000,stop,Breakout Engine
system,CEG,2026-10-01T13:45:45.559Z,2026-10-01T13:50:05.011Z,-1.5000,stop,Breakout Engine
system,ACN,2026-10-01T13:35:50.528Z,2026-10-01T13:45:45.559Z,0.7566,trailing-stop,Breakout Engine
system,SANM,2026-09-30T17:35:03.163Z,2026-10-01T13:45:04.252Z,2.0153,trailing-stop,EMA Pullback Swing
system,INFY,2026-10-01T13:35:50.528Z,2026-10-01T13:45:04.252Z,-1.5000,stop,Breakout Engine
system,VICR,2026-10-01T13:35:50.528Z,2026-10-01T13:40:03.586Z,-2.5258,stop,Turtle 20 Breakout
system,DOCS,2026-09-30T17:10:02.553Z,2026-10-01T13:35:50.528Z,0.9767,trailing-stop,Trend Pulse
system,ACN,2026-10-01T13:35:03.492Z,2026-10-01T13:35:50.528Z,-1.5000,stop,Breakout Engine
system,CTSH,2026-10-01T13:35:03.492Z,2026-10-01T13:35:50.528Z,-1.5000,stop,Breakout Engine
system,INFY,2026-10-01T13:35:03.492Z,2026-10-01T13:35:50.528Z,-1.5000,stop,Breakout Engine
system,VICR,2026-10-01T13:35:03.492Z,2026-10-01T13:35:50.528Z,-2.5258,stop,Turtle 20 Breakout
system,NCLH,2026-09-29T13:55:23.216Z,2026-10-01T13:35:03.492Z,-2.4390,stop,Relative Strength Leader
system,NLY,2026-09-30T14:45:03.116Z,2026-10-01T13:35:03.492Z,-3.7531,stop,Mean Reversion
system,MP,2026-09-30T15:20:03.206Z,2026-10-01T13:35:03.492Z,-3.2642,stop,EMA Reclaim Trend
system,PRAX,2026-09-30T19:25:02.853Z,2026-10-01T13:35:03.492Z,-2.3212,stop,Breakout Engine
system,ABSI,2026-09-30T19:55:03.383Z,2026-10-01T13:35:03.492Z,-2.2000,stop,EMA Reclaim Trend
system,RIOT,2026-09-30T19:55:03.383Z,2026-10-01T13:30:26.631Z,0.4791,trailing-stop,Mean Reversion
system,RIOT,2026-09-30T19:55:03.383Z,2026-09-30T19:55:22.780Z,0.6614,partial-target,Mean Reversion
system,BB,2026-09-30T15:30:29.192Z,2026-09-30T19:55:03.383Z,-0.9483,sell-signal,EMA Reclaim Trend
system,LQDA,2026-09-30T19:50:02.878Z,2026-09-30T19:55:03.383Z,1.1622,trailing-stop,Mean Reversion
system,JBL,2026-09-30T18:30:03.203Z,2026-09-30T19:50:02.878Z,1.6650,target,Mean Reversion
system,IONQ,2026-09-30T14:15:08.074Z,2026-09-30T19:45:08.379Z,-4.1830,sell-signal,Trend Pulse
system,JBL,2026-09-30T18:30:03.203Z,2026-09-30T19:45:08.379Z,0.9990,partial-target,Mean Reversion
system,FNF,2026-09-30T18:40:02.619Z,2026-09-30T19:25:02.853Z,0.5560,trailing-stop,Mean Reversion
system,FNF,2026-09-30T18:40:02.619Z,2026-09-30T19:15:02.645Z,1.0702,partial-target,Mean Reversion
system,HUT,2026-09-30T16:45:02.499Z,2026-09-30T18:40:02.619Z,-0.6277,sell-signal,Flow Confirm
system,HIMS,2026-09-30T18:20:14.051Z,2026-09-30T18:30:03.203Z,0.0311,sell-signal,Connors RSI(2)
system,ASTS,2026-09-30T15:10:04.158Z,2026-09-30T18:20:14.051Z,-2.0117,sell-signal,EMA Reclaim Trend
system,FICO,2026-09-30T18:05:02.809Z,2026-09-30T18:20:14.051Z,0.3962,trailing-stop,Mean Reversion
system,FICO,2026-09-30T18:05:02.809Z,2026-09-30T18:15:12.545Z,0.6003,partial-target,Mean Reversion
system,LQDA,2026-09-30T18:00:08.614Z,2026-09-30T18:05:02.809Z,2.8521,trailing-stop,Mean Reversion
system,LQDA,2026-09-30T17:55:23.614Z,2026-09-30T18:00:08.614Z,-3.5000,stop,Mean Reversion
system,LQDA,2026-09-30T17:55:09.267Z,2026-09-30T17:55:23.614Z,-3.5000,stop,Mean Reversion
system,NOC,2026-09-30T14:15:45.995Z,2026-09-30T17:55:09.267Z,0.6022,trailing-stop,Mean Reversion
system,U,2026-09-30T17:20:02.495Z,2026-09-30T17:35:03.163Z,-0.4075,sell-signal,EMA Pullback Swing
system,TENB,2026-09-30T13:40:32.167Z,2026-09-30T17:20:02.495Z,1.5376,trailing-stop,EMA Pullback Swing
system,UTHR,2026-09-30T16:15:10.506Z,2026-09-30T17:10:02.553Z,1.6942,trailing-stop,Trend Pulse
system,HUT,2026-09-30T13:45:02.889Z,2026-09-30T16:45:02.499Z,1.9312,sell-signal,Mean Reversion
system,NOC,2026-09-30T14:15:45.995Z,2026-09-30T16:40:02.903Z,1.2317,partial-target,Mean Reversion
system,UTHR,2026-09-30T16:00:04.200Z,2026-09-30T16:15:10.506Z,-1.5000,stop,Breakout Engine
system,DOCS,2026-09-30T14:00:52.058Z,2026-09-30T16:00:04.200Z,0.8552,trailing-stop,Trend Pulse
system,UTHR,2026-09-30T15:25:24.305Z,2026-09-30T15:30:29.192Z,1.6794,trailing-stop,Breakout Engine
system,UTHR,2026-09-30T15:25:24.305Z,2026-09-30T15:30:03.663Z,2.4817,partial-target,Breakout Engine
system,UTHR,2026-09-30T15:25:03.975Z,2026-09-30T15:25:24.305Z,-1.5000,stop,Breakout Engine
system,MOD,2026-09-29T19:50:04.160Z,2026-09-30T15:25:03.975Z,0.9573,trailing-stop,Flow Confirm
system,MP,2026-09-30T14:30:03.122Z,2026-09-30T15:20:03.206Z,-0.8161,sell-signal,Flow Confirm
system,NBIS,2026-09-30T13:45:02.889Z,2026-09-30T15:10:04.158Z,-2.2000,stop,EMA Reclaim Trend
system,INTC,2026-09-30T13:35:03.112Z,2026-09-30T14:45:03.116Z,-1.0456,sell-signal,Flow Confirm
system,GFI,2026-09-29T19:45:05.193Z,2026-09-30T14:30:03.122Z,-1.5824,sell-signal,Flow Confirm
system,LQDA,2026-09-29T17:05:04.040Z,2026-09-30T14:15:45.995Z,0.8089,trailing-stop,Turtle 20 Breakout
system,RKLB,2026-09-30T14:00:06.036Z,2026-09-30T14:15:08.074Z,-1.5000,stop,Breakout Engine
system,SYRE,2026-09-30T14:00:06.036Z,2026-09-30T14:05:02.998Z,0.9803,trailing-stop,Trend Pulse
system,IONQ,2026-09-30T13:35:48.301Z,2026-09-30T14:00:52.058Z,0.7084,trailing-stop,EMA Reclaim Trend
system,ONTO,2026-09-29T15:20:14.705Z,2026-09-30T14:00:06.036Z,1.2627,trailing-stop,EMA Reclaim Trend
system,IONQ,2026-09-30T13:35:48.301Z,2026-09-30T14:00:06.036Z,2.0400,partial-target,EMA Reclaim Trend
system,HUT,2026-09-30T13:35:48.301Z,2026-09-30T13:45:02.889Z,-3.5000,stop,Mean Reversion
system,NBIS,2026-09-30T13:40:03.066Z,2026-09-30T13:45:02.889Z,-2.2000,stop,EMA Reclaim Trend
system,TEM,2026-09-30T13:40:32.167Z,2026-09-30T13:45:02.889Z,-1.5000,stop,Breakout Engine
system,DDOG,2026-09-25T15:50:13.617Z,2026-09-30T13:40:32.167Z,1.0483,trailing-stop,EMA Pullback Swing
system,TEM,2026-09-30T13:40:03.066Z,2026-09-30T13:40:32.167Z,-1.5000,stop,Breakout Engine
system,HPE,2026-09-30T13:35:03.112Z,2026-09-30T13:40:03.066Z,1.0090,trailing-stop,Breakout Engine
system,FICO,2026-09-30T13:35:03.112Z,2026-09-30T13:40:03.066Z,1.2168,trailing-stop,Mean Reversion
system,NBIS,2026-09-30T13:35:48.301Z,2026-09-30T13:40:03.066Z,-1.5000,stop,Breakout Engine
system,HPE,2026-09-30T13:35:03.112Z,2026-09-30T13:35:48.301Z,2.1163,partial-target,Breakout Engine
system,NBIS,2026-09-30T13:35:03.112Z,2026-09-30T13:35:48.301Z,-1.5000,stop,Breakout Engine
system,HUT,2026-09-30T13:35:03.112Z,2026-09-30T13:35:48.301Z,3.5146,target,Mean Reversion
system,FICO,2026-09-30T13:35:03.112Z,2026-09-30T13:35:48.301Z,1.8733,partial-target,Mean Reversion
system,QCOM,2026-09-28T13:45:02.758Z,2026-09-30T13:35:03.112Z,-0.2610,sell-signal,Mean Reversion
system,AGX,2026-09-29T15:10:03.153Z,2026-09-30T13:35:03.112Z,-0.3297,sell-signal,EMA Reclaim Trend
system,ONTO,2026-09-29T15:20:14.705Z,2026-09-30T13:35:03.112Z,2.0400,partial-target,EMA Reclaim Trend
system,COHR,2026-09-29T15:20:14.705Z,2026-09-30T13:35:03.112Z,-1.6596,sell-signal,EMA Reclaim Trend
system,ASX,2026-09-29T15:40:03.525Z,2026-09-30T13:35:03.112Z,-1.7793,stop,Championship VCP Breakout
system,TRU,2026-09-29T16:05:03.575Z,2026-09-30T13:35:03.112Z,1.3578,trailing-stop,RSI Recovery
system,QXO,2026-09-29T19:50:04.160Z,2026-09-30T13:35:03.112Z,1.3333,sell-signal,Flow Confirm
system,FORM,2026-09-29T13:35:35.809Z,2026-09-29T19:50:04.160Z,0.8750,sell-signal,Flow Confirm
system,CCL,2026-09-29T18:00:04.201Z,2026-09-29T19:50:04.160Z,0.5603,sell-signal,Flow Confirm
system,TRU,2026-09-29T16:05:03.575Z,2026-09-29T19:45:05.193Z,2.7000,partial-target,RSI Recovery
system,DUOL,2026-09-29T19:15:03.980Z,2026-09-29T19:45:05.193Z,-0.0476,sell-signal,Flow Confirm
system,RARE,2026-09-29T19:05:03.788Z,2026-09-29T19:15:03.980Z,-1.5000,stop,Breakout Engine
system,MOD,2026-09-29T15:35:04.257Z,2026-09-29T19:05:03.788Z,0.2679,sell-signal,Flow Confirm
system,CVNA,2026-09-29T15:15:03.478Z,2026-09-29T18:00:04.201Z,-3.2703,sell-signal,Flow Confirm
system,FPS,2026-09-29T13:50:02.064Z,2026-09-29T17:05:04.040Z,-2.4000,stop,Relative Strength Leader
system,TTAN,2026-09-29T15:05:02.411Z,2026-09-29T16:05:03.575Z,0.9685,trailing-stop,Relative Strength Leader
system,ORCL,2026-09-29T15:25:03.795Z,2026-09-29T15:40:03.525Z,0.3812,sell-signal,Connors RSI(2)
system,LITE,2026-09-29T14:50:02.320Z,2026-09-29T15:35:04.257Z,-0.9853,sell-signal,Flow Confirm
system,ORCL,2026-09-29T14:30:02.951Z,2026-09-29T15:25:03.795Z,-1.3745,stop,Breakout Engine
system,ONTO,2026-09-29T14:00:46.453Z,2026-09-29T15:20:14.705Z,-0.9994,sell-signal,Turtle 20 Breakout
system,GFI,2026-09-29T14:05:03.406Z,2026-09-29T15:20:14.705Z,-0.4649,sell-signal,Turtle 20 Breakout
system,DUOL,2026-09-28T19:05:03.434Z,2026-09-29T15:15:03.478Z,3.6747,sell-signal,Flow Confirm
system,VSXY,2026-09-28T17:55:03.420Z,2026-09-29T15:10:03.153Z,-2.0889,sell-signal,Trend Pulse
system,AGX,2026-09-29T14:00:02.842Z,2026-09-29T15:05:02.411Z,1.0017,trailing-stop,Relative Strength Leader
system,CRWV,2026-09-29T14:30:02.951Z,2026-09-29T15:05:02.411Z,-1.5000,stop,Breakout Engine
system,COHR,2026-09-29T14:10:03.749Z,2026-09-29T14:50:02.320Z,0.8783,trailing-stop,Breakout Engine
system,DFTX,2026-09-28T19:45:04.523Z,2026-09-29T14:30:02.951Z,-2.5148,sell-signal,Flow Confirm
system,BE,2026-09-29T13:45:54.503Z,2026-09-29T14:30:02.951Z,4.6793,target,Breakout Engine
system,COHR,2026-09-29T14:10:03.749Z,2026-09-29T14:30:02.951Z,1.7377,partial-target,Breakout Engine
system,BE,2026-09-29T13:45:54.503Z,2026-09-29T14:15:03.286Z,2.8076,partial-target,Breakout Engine
system,DUOL,2026-09-28T19:05:03.434Z,2026-09-29T14:10:03.749Z,4.0200,partial-target,Flow Confirm
system,AXTI,2026-09-29T14:00:02.842Z,2026-09-29T14:10:03.749Z,-1.5000,stop,Breakout Engine
system,VIAV,2026-09-29T13:45:02.696Z,2026-09-29T14:05:03.406Z,-2.5000,stop,Turtle 20 Breakout
system,ARM,2026-09-29T13:50:34.797Z,2026-09-29T14:05:03.406Z,0.6185,trailing-stop,Breakout Engine
system,MOD,2026-09-29T13:45:02.696Z,2026-09-29T14:00:46.453Z,0.6836,trailing-stop,Turtle 20 Breakout
system,AGX,2026-09-29T13:40:39.236Z,2026-09-29T14:00:02.842Z,-1.5000,stop,Breakout Engine
system,ARM,2026-09-29T13:50:34.797Z,2026-09-29T14:00:02.842Z,1.4130,partial-target,Breakout Engine
system,PRIM,2026-09-29T13:55:02.312Z,2026-09-29T14:00:02.842Z,1.0183,trailing-stop,Relative Strength Leader
system,LITE,2026-09-29T13:50:02.064Z,2026-09-29T13:55:23.216Z,1.0696,trailing-stop,EMA Pullback Swing
system,MRNA,2026-09-29T13:45:54.503Z,2026-09-29T13:55:02.312Z,-2.4000,stop,Relative Strength Leader
system,AXTI,2026-09-29T13:40:39.236Z,2026-09-29T13:50:34.797Z,1.0835,trailing-stop,Breakout Engine
system,RVMD,2026-09-25T16:05:09.481Z,2026-09-29T13:50:02.064Z,-4.0840,sell-signal,EMA Pullback Swing
system,AXTI,2026-09-29T13:40:39.236Z,2026-09-29T13:50:02.064Z,2.2613,partial-target,Breakout Engine
system,BE,2026-09-29T13:35:35.809Z,2026-09-29T13:45:54.503Z,0.4524,trailing-stop,Breakout Engine
system,NOW,2026-09-28T13:35:02.548Z,2026-09-29T13:45:02.696Z,1.2880,trailing-stop,Mean Reversion
system,HUBS,2026-09-28T14:20:03.071Z,2026-09-29T13:45:02.696Z,-2.0758,sell-signal,RSI Recovery
system,AXTI,2026-09-29T13:40:02.233Z,2026-09-29T13:40:39.236Z,-1.5000,stop,Breakout Engine
system,AGX,2026-09-29T13:40:02.233Z,2026-09-29T13:40:39.236Z,-1.5000,stop,Breakout Engine
system,CCL,2026-09-29T13:35:35.809Z,2026-09-29T13:40:02.233Z,-1.5000,stop,Breakout Engine
system,AXTI,2026-09-29T13:35:35.809Z,2026-09-29T13:40:02.233Z,-1.5000,stop,Breakout Engine
system,COHR,2026-09-28T19:10:03.312Z,2026-09-29T13:35:35.809Z,1.2779,trailing-stop,Turtle 20 Breakout
system,AXTI,2026-09-29T13:35:02.094Z,2026-09-29T13:35:35.809Z,-1.5000,stop,Breakout Engine
system,CCL,2026-09-29T13:35:02.094Z,2026-09-29T13:35:35.809Z,-1.5000,stop,Breakout Engine
system,BE,2026-09-29T13:35:02.094Z,2026-09-29T13:35:35.809Z,-1.5000,stop,Breakout Engine
system,ABVX,2026-09-28T14:10:02.457Z,2026-09-29T13:35:02.094Z,1.0510,trailing-stop,Turtle 20 Breakout
system,SMTC,2026-09-28T15:30:04.724Z,2026-09-29T13:35:02.094Z,4.5000,target,RSI Recovery
system,BB,2026-09-28T16:25:02.973Z,2026-09-29T13:35:02.094Z,1.9365,trailing-stop,Trend Pulse
system,CRDO,2026-09-28T19:05:03.434Z,2026-09-29T13:35:02.094Z,-2.5000,stop,Turtle 20 Breakout
system,AXTI,2026-09-28T19:55:03.500Z,2026-09-29T13:35:02.094Z,6.7000,target,Flow Confirm
system,MDB,2026-09-28T15:40:03.242Z,2026-09-28T19:55:03.500Z,-0.4435,sell-signal,Flow Confirm
system,BURL,2026-09-28T19:30:03.764Z,2026-09-28T19:45:04.523Z,-0.6104,sell-signal,Flow Confirm
system,LQDA,2026-09-28T18:15:03.099Z,2026-09-28T19:30:03.764Z,0.8450,sell-signal,Flow Confirm
system,COHR,2026-09-28T14:40:02.895Z,2026-09-28T19:10:03.312Z,0.9676,sell-signal,Mean Reversion
system,BB,2026-09-28T16:25:02.973Z,2026-09-28T19:05:03.434Z,4.0200,partial-target,Trend Pulse
system,ARM,2026-09-28T17:10:03.006Z,2026-09-28T19:05:03.434Z,0.5157,sell-signal,Flow Confirm
system,GFI,2026-09-28T16:10:03.066Z,2026-09-28T18:15:03.099Z,0.1835,sell-signal,Flow Confirm
system,RBLX,2026-09-28T15:30:04.724Z,2026-09-28T17:55:03.420Z,-1.6047,sell-signal,RSI Recovery
system,AUR,2026-09-28T16:30:27.709Z,2026-09-28T17:10:03.006Z,-3.6207,sell-signal,Flow Confirm
system,AUR,2026-09-28T16:20:03.491Z,2026-09-28T16:30:27.709Z,0.8795,trailing-stop,Flow Confirm
system,BITI,2026-09-23T15:36:36.876Z,2026-09-28T16:25:02.973Z,1.1379,trailing-stop,EMA Reclaim Trend
system,NTES,2026-09-28T13:35:38.101Z,2026-09-28T16:20:03.491Z,0.2351,sell-signal,Flow Confirm
system,TEAM,2026-09-28T15:35:02.949Z,2026-09-28T16:10:03.066Z,0.1901,sell-signal,Flow Confirm
system,MDB,2026-09-28T15:10:30.453Z,2026-09-28T15:40:03.242Z,0.9618,trailing-stop,Flow Confirm
system,TEAM,2026-09-28T14:55:02.724Z,2026-09-28T15:35:02.949Z,0.9151,trailing-stop,Flow Confirm
system,VSXY,2026-09-28T14:00:15.130Z,2026-09-28T15:30:04.724Z,0.0692,sell-signal,Turtle 20 Breakout
system,BB,2026-09-28T15:00:46.568Z,2026-09-28T15:25:23.189Z,0.4816,trailing-stop,Turtle 20 Breakout
system,MDB,2026-09-28T15:00:46.568Z,2026-09-28T15:10:30.453Z,0.6906,trailing-stop,Flow Confirm
system,VIAV,2026-09-28T14:50:02.668Z,2026-09-28T15:05:02.728Z,0.4280,sell-signal,Connors RSI(2)
system,BB,2026-09-25T17:00:42.403Z,2026-09-28T15:00:46.568Z,0.3931,trailing-stop,Flow Confirm
system,IONQ,2026-09-28T13:50:13.332Z,2026-09-28T14:55:02.724Z,-3.0242,sell-signal,Flow Confirm
system,BITI,2026-09-23T15:36:36.876Z,2026-09-28T14:45:02.498Z,2.0400,partial-target,EMA Reclaim Trend
system,BTDR,2026-09-25T14:20:04.927Z,2026-09-28T14:40:02.895Z,-3.1600,stop,Mean Reversion
system,CRDO,2026-09-28T13:45:02.758Z,2026-09-28T14:15:03.192Z,-3.5000,stop,Connors RSI(2)
system,AAON,2026-09-25T19:50:03.616Z,2026-09-28T14:10:02.457Z,1.1782,trailing-stop,Trend Pulse
system,MCHP,2026-09-28T13:35:02.548Z,2026-09-28T13:55:02.719Z,-0.2954,sell-signal,Connors RSI(2)
system,AXTI,2026-09-28T13:35:02.548Z,2026-09-28T13:45:02.758Z,-3.5000,stop,Connors RSI(2)
system,QCOM,2026-09-28T13:40:02.647Z,2026-09-28T13:45:02.758Z,1.1871,trailing-stop,Mean Reversion
system,TSEM,2026-09-25T14:50:06.681Z,2026-09-28T13:40:02.647Z,-4.9193,sell-signal,EMA Pullback Swing
system,MGM,2026-09-25T15:20:08.626Z,2026-09-28T13:40:02.647Z,-0.9195,trailing-stop,Mean Reversion
system,MGM,2026-09-25T15:20:08.626Z,2026-09-28T13:35:02.548Z,1.1794,partial-target,Mean Reversion
system,CLSK,2026-09-25T15:40:12.839Z,2026-09-28T13:35:02.548Z,1.0895,trailing-stop,Flow Confirm
system,SYNA,2026-09-25T16:55:07.486Z,2026-09-28T13:35:02.548Z,-0.5170,sell-signal,EMA Reclaim Trend
system,ACM,2026-09-25T17:25:09.046Z,2026-09-28T13:35:02.548Z,-2.4000,stop,Relative Strength Leader
system,AXTI,2026-09-25T19:05:03.490Z,2026-09-28T13:35:02.548Z,-5.0000,stop,Trend Pulse
system,WOLF,2026-09-25T19:20:09.366Z,2026-09-28T13:35:02.548Z,-2.2000,stop,EMA Reclaim Trend
system,MCHP,2026-09-25T19:25:03.561Z,2026-09-28T13:35:02.548Z,-1.4557,trailing-stop,Breakout Engine
system,MCHP,2026-09-25T19:25:03.561Z,2026-09-25T19:55:03.350Z,0.2601,partial-target,Breakout Engine
system,FLNC,2026-09-25T16:50:12.265Z,2026-09-25T19:50:03.616Z,-1.8966,sell-signal,Flow Confirm
system,MCHP,2026-09-25T19:10:03.272Z,2026-09-25T19:25:03.561Z,0.0974,trailing-stop,Breakout Engine
system,FLEX,2026-09-25T14:45:05.909Z,2026-09-25T19:20:09.366Z,-1.4256,sell-signal,EMA Reclaim Trend
system,MCHP,2026-09-25T19:10:03.272Z,2026-09-25T19:20:09.366Z,0.2080,partial-target,Breakout Engine
system,DELL,2026-09-25T13:50:03.850Z,2026-09-25T19:10:03.272Z,1.4530,trailing-stop,Relative Strength Leader
system,AKAM,2026-09-25T18:15:17.091Z,2026-09-25T19:05:03.490Z,-1.3473,sell-signal,Turtle 20 Breakout
system,ABSI,2026-09-25T14:45:05.909Z,2026-09-25T18:15:17.091Z,-1.2103,sell-signal,RSI Recovery
system,ACM,2026-09-25T16:30:27.527Z,2026-09-25T17:25:09.046Z,-1.5000,stop,Breakout Engine
system,FSLR,2026-09-25T15:50:13.617Z,2026-09-25T17:00:42.403Z,-0.0352,sell-signal,Flow Confirm
system,PYPL,2026-09-25T14:40:06.669Z,2026-09-25T16:55:07.486Z,0.6534,trailing-stop,Breakout Engine
system,ETSY,2026-09-24T15:30:09.486Z,2026-09-25T16:50:12.265Z,1.1256,trailing-stop,Flow Confirm
system,PYPL,2026-09-25T14:40:06.669Z,2026-09-25T16:45:17.685Z,1.3592,partial-target,Breakout Engine
system,CRDO,2026-09-25T14:55:04.294Z,2026-09-25T16:30:27.527Z,3.4000,target,EMA Reclaim Trend
system,DELL,2026-09-25T13:50:03.850Z,2026-09-25T16:20:14.333Z,2.4000,partial-target,Relative Strength Leader
system,CRDO,2026-09-25T14:55:04.294Z,2026-09-25T16:10:13.680Z,2.0400,partial-target,EMA Reclaim Trend
system,BE,2026-09-25T14:15:05.814Z,2026-09-25T16:05:09.481Z,4.0000,target,Relative Strength Leader
system,BE,2026-09-25T14:15:05.814Z,2026-09-25T16:00:45.117Z,2.4000,partial-target,Relative Strength Leader
system,AKAM,2026-09-25T14:00:07.203Z,2026-09-25T15:50:13.617Z,-2.8574,stop,Relative Strength Leader
system,GFS,2026-09-25T15:20:37.992Z,2026-09-25T15:50:13.617Z,-0.3161,sell-signal,Flow Confirm
system,SYNA,2026-09-25T13:45:03.667Z,2026-09-25T15:40:12.839Z,1.0378,trailing-stop,Flow Confirm
system,HUM,2026-09-25T15:05:07.405Z,2026-09-25T15:20:37.992Z,0.9556,trailing-stop,Flow Confirm
system,TWLO,2026-09-25T14:45:05.909Z,2026-09-25T15:20:08.626Z,0.9103,trailing-stop,Mean Reversion
system,FLNC,2026-09-25T14:15:05.814Z,2026-09-25T15:05:07.405Z,-1.3076,sell-signal,Turtle 20 Breakout
system,CRDO,2026-09-25T13:55:03.709Z,2026-09-25T14:55:04.294Z,1.1161,trailing-stop,EMA Reclaim Trend
system,JBL,2026-09-25T14:20:04.927Z,2026-09-25T14:50:06.681Z,0.4371,sell-signal,Flow Confirm
system,ZS,2026-09-25T13:40:04.660Z,2026-09-25T14:45:05.909Z,-3.5000,stop,Mean Reversion
system,ARM,2026-09-25T13:45:41.635Z,2026-09-25T14:45:05.909Z,-1.4539,stop,Breakout Engine
system,HNGE,2026-09-25T13:50:03.850Z,2026-09-25T14:45:05.909Z,-2.0880,sell-signal,Turtle 20 Breakout
system,CRDO,2026-09-25T13:55:03.709Z,2026-09-25T14:40:06.669Z,2.0400,partial-target,EMA Reclaim Trend
system,SNDK,2026-09-25T13:35:28.664Z,2026-09-25T14:20:04.927Z,-2.8903,sell-signal,Flow Confirm
system,SNX,2026-09-25T13:40:30.037Z,2026-09-25T14:20:04.927Z,-1.5000,stop,Breakout Engine
system,FLEX,2026-09-25T14:00:07.203Z,2026-09-25T14:15:05.814Z,-2.5000,stop,Turtle 20 Breakout
system,BE,2026-09-25T14:05:05.181Z,2026-09-25T14:15:05.814Z,-1.5000,stop,Breakout Engine
system,JBL,2026-09-25T13:40:04.660Z,2026-09-25T14:05:05.181Z,0.9323,trailing-stop,Breakout Engine
system,JBL,2026-09-25T13:40:04.660Z,2026-09-25T14:00:07.203Z,1.6680,partial-target,Breakout Engine
system,P,2026-09-25T13:40:30.037Z,2026-09-25T14:00:07.203Z,-0.8813,sell-signal,EMA Pullback Swing
system,AKAM,2026-09-25T13:45:03.667Z,2026-09-25T14:00:07.203Z,-2.7932,stop,Relative Strength Leader
system,CRDO,2026-09-25T13:35:28.664Z,2026-09-25T13:55:03.709Z,-2.5000,stop,Turtle 20 Breakout
system,GDDY,2026-09-24T17:56:05.728Z,2026-09-25T13:50:03.850Z,-3.2322,sell-signal,Trend Pulse
system,ABSI,2026-09-24T19:01:04.622Z,2026-09-25T13:50:03.850Z,-1.5504,sell-signal,Turtle 20 Breakout
system,ARM,2026-09-25T13:45:03.667Z,2026-09-25T13:45:41.635Z,-1.4539,stop,Breakout Engine
system,AR,2026-09-23T15:45:56.136Z,2026-09-25T13:45:03.667Z,-2.6295,stop,Trend Pulse
system,VLO,2026-09-24T17:55:02.838Z,2026-09-25T13:45:03.667Z,-5.0000,stop,Trend Pulse
system,LQDA,2026-09-24T19:55:02.291Z,2026-09-25T13:45:03.667Z,-1.7736,sell-signal,Turtle 20 Breakout
system,ARM,2026-09-25T13:35:04.752Z,2026-09-25T13:45:03.667Z,-1.5000,stop,Breakout Engine
system,SNX,2026-09-25T13:40:04.660Z,2026-09-25T13:40:30.037Z,-1.5000,stop,Breakout Engine
system,PANW,2026-09-25T13:40:04.660Z,2026-09-25T13:40:30.037Z,-0.0337,stop,Mean Reversion
system,BEAM,2026-09-24T14:25:04.860Z,2026-09-25T13:40:04.660Z,1.5955,trailing-stop,RSI Recovery
system,IONQ,2026-09-24T18:15:02.957Z,2026-09-25T13:40:04.660Z,-2.4000,stop,Relative Strength Leader
system,AKAM,2026-09-25T13:35:28.664Z,2026-09-25T13:40:04.660Z,-1.5000,stop,Breakout Engine
system,MAZE,2026-09-25T13:35:28.664Z,2026-09-25T13:40:04.660Z,-1.5000,stop,Breakout Engine
system,ORCL,2026-09-24T14:40:07.837Z,2026-09-25T13:35:28.664Z,0.6537,trailing-stop,RSI Recovery
system,TEM,2026-09-24T19:36:16.135Z,2026-09-25T13:35:28.664Z,1.2969,trailing-stop,Donchian Swing
system,MAZE,2026-09-24T19:55:02.291Z,2026-09-25T13:35:28.664Z,-0.2282,trailing-stop,Flow Confirm
system,AKAM,2026-09-25T13:35:04.752Z,2026-09-25T13:35:28.664Z,-1.5000,stop,Breakout Engine
system,KGC,2026-09-24T15:21:34.842Z,2026-09-25T13:35:04.752Z,0.9189,sell-signal,Mean Reversion
system,CRL,2026-09-24T19:15:21.225Z,2026-09-25T13:35:04.752Z,-2.1513,sell-signal,Flow Confirm
system,MAZE,2026-09-24T19:55:02.291Z,2026-09-25T13:35:04.752Z,4.0200,partial-target,Flow Confirm
system,NBIS,2026-09-24T15:35:13.929Z,2026-09-24T19:55:02.291Z,1.6551,trailing-stop,EMA Pullback Swing
system,RKLB,2026-09-24T17:46:37.458Z,2026-09-24T19:55:02.291Z,-1.7139,sell-signal,Flow Confirm
system,VICR,2026-09-24T16:15:19.949Z,2026-09-24T19:36:16.135Z,3.0537,sell-signal,Turtle 20 Breakout
system,SNX,2026-09-24T16:25:10.627Z,2026-09-24T19:25:02.055Z,1.9669,sell-signal,Turtle 20 Breakout
system,P,2026-09-24T19:05:04.591Z,2026-09-24T19:15:21.225Z,-0.6889,sell-signal,Flow Confirm
system,PL,2026-09-24T18:00:03.177Z,2026-09-24T19:05:04.591Z,-1.7397,sell-signal,Flow Confirm
system,QURE,2026-09-24T18:05:03.160Z,2026-09-24T19:01:04.622Z,1.4323,trailing-stop,RSI Recovery
system,BEAM,2026-09-24T14:25:04.860Z,2026-09-24T18:40:02.778Z,2.7000,partial-target,RSI Recovery
system,QURE,2026-09-24T18:05:03.160Z,2026-09-24T18:35:02.910Z,2.7000,partial-target,RSI Recovery
system,PCOR,2026-09-24T16:46:04.410Z,2026-09-24T18:15:02.957Z,-1.9963,stop,Mean Reversion
system,MAZE,2026-09-24T16:40:14.563Z,2026-09-24T18:05:03.160Z,-1.3284,sell-signal,Turtle 20 Breakout
system,TWST,2026-09-24T16:46:04.410Z,2026-09-24T18:00:03.177Z,1.0646,trailing-stop,Flow Confirm
system,AUR,2026-09-24T16:41:41.266Z,2026-09-24T17:56:05.728Z,0.9526,trailing-stop,RSI Recovery
system,CRL,2026-09-24T15:45:19.796Z,2026-09-24T17:55:02.838Z,1.2524,trailing-stop,EMA Pullback Swing
system,ENTG,2026-09-24T15:36:49.051Z,2026-09-24T17:46:37.458Z,1.1194,trailing-stop,Flow Confirm
system,P,2026-09-24T15:25:08.463Z,2026-09-24T16:46:04.410Z,-1.0539,sell-signal,Flow Confirm
system,XYL,2026-09-24T16:20:14.876Z,2026-09-24T16:46:04.410Z,0.3856,trailing-stop,Mean Reversion
system,AXTI,2026-09-24T14:00:07.668Z,2026-09-24T16:41:41.266Z,4.5000,target,RSI Recovery
system,MAZE,2026-09-24T15:10:09.210Z,2026-09-24T16:40:14.563Z,1.7201,target,Mean Reversion
system,MAZE,2026-09-24T15:10:09.210Z,2026-09-24T16:35:03.105Z,1.0320,partial-target,Mean Reversion
system,XYL,2026-09-24T16:20:14.876Z,2026-09-24T16:35:03.105Z,0.5932,partial-target,Mean Reversion
system,DUOL,2026-09-24T13:50:05.279Z,2026-09-24T16:25:10.627Z,-3.2097,sell-signal,Trend Pulse
system,WOLF,2026-09-24T15:21:34.842Z,2026-09-24T16:20:14.876Z,1.8413,target,Mean Reversion
system,AXTI,2026-09-24T14:00:07.668Z,2026-09-24T16:17:13.686Z,2.7000,partial-target,RSI Recovery
system,WOLF,2026-09-24T15:21:34.842Z,2026-09-24T16:17:13.686Z,1.1048,partial-target,Mean Reversion
system,TWST,2026-09-24T15:25:08.463Z,2026-09-24T16:15:19.949Z,-2.1002,sell-signal,Connors RSI(2)
system,CRL,2026-09-24T15:25:08.463Z,2026-09-24T15:45:19.796Z,-0.2748,sell-signal,Connors RSI(2)
system,GDDY,2026-09-24T14:51:24.932Z,2026-09-24T15:36:49.051Z,-6.1234,sell-signal,Flow Confirm
system,TEM,2026-09-24T14:20:55.749Z,2026-09-24T15:35:13.929Z,-5.6918,stop,Trend Pulse
system,BLLN,2026-09-24T15:01:50.323Z,2026-09-24T15:30:09.486Z,-0.3799,sell-signal,Flow Confirm
system,CRL,2026-09-24T13:40:07.063Z,2026-09-24T15:25:08.463Z,0.4486,sell-signal,Turtle 20 Breakout
system,A,2026-09-24T14:00:07.668Z,2026-09-24T15:25:08.463Z,-0.6536,sell-signal,Flow Confirm
system,TWST,2026-09-24T13:45:06.964Z,2026-09-24T15:21:34.842Z,6.0824,sell-signal,Turtle 20 Breakout
system,MAZE,2026-09-24T14:00:07.668Z,2026-09-24T15:10:09.210Z,-0.6242,stop,Mean Reversion
system,NTRA,2026-09-24T14:10:08.537Z,2026-09-24T15:01:50.323Z,-2.5805,sell-signal,Flow Confirm
system,P,2026-09-24T14:10:08.537Z,2026-09-24T14:51:24.932Z,0.4293,sell-signal,Flow Confirm
system,BLLN,2026-09-24T14:15:07.173Z,2026-09-24T14:40:07.837Z,1.1199,trailing-stop,Turtle 20 Breakout
system,BEAM,2026-09-24T13:46:13.994Z,2026-09-24T14:25:04.860Z,2.9595,target,Mean Reversion
system,NBIS,2026-09-24T14:00:07.668Z,2026-09-24T14:20:55.749Z,0.9772,trailing-stop,Trend Pulse
system,BEAM,2026-09-24T13:46:13.994Z,2026-09-24T14:20:07.222Z,1.7757,partial-target,Mean Reversion
system,WOLF,2026-09-24T13:55:06.121Z,2026-09-24T14:15:07.173Z,-0.9861,stop,Mean Reversion
system,W,2026-09-23T18:20:02.505Z,2026-09-24T14:10:08.537Z,-1.3738,stop,Flow Confirm
system,P,2026-09-24T13:41:15.046Z,2026-09-24T14:10:08.537Z,1.8652,trailing-stop,Flow Confirm
system,FPS,2026-09-24T13:35:06.518Z,2026-09-24T14:00:07.668Z,-0.3392,stop,Flow Confirm
system,AXTI,2026-09-24T13:50:05.279Z,2026-09-24T14:00:07.668Z,-2.5000,stop,Turtle 20 Breakout
system,NBIS,2026-09-24T13:55:06.121Z,2026-09-24T14:00:07.668Z,0.9957,trailing-stop,RSI Recovery
system,MAZE,2026-09-24T13:55:06.121Z,2026-09-24T14:00:07.668Z,-0.7463,stop,Mean Reversion
system,WOLF,2026-09-24T13:35:06.518Z,2026-09-24T13:55:06.121Z,-0.3874,stop,Mean Reversion
system,P,2026-09-24T13:41:15.046Z,2026-09-24T13:55:06.121Z,4.0200,partial-target,Flow Confirm
system,NBIS,2026-09-24T13:45:06.964Z,2026-09-24T13:55:06.121Z,-2.4000,stop,Relative Strength Leader
system,CRWV,2026-09-24T13:45:06.964Z,2026-09-24T13:55:06.121Z,-2.2000,stop,EMA Reclaim Trend
system,DUOL,2026-09-24T13:36:29.591Z,2026-09-24T13:50:05.279Z,-0.9566,stop,Turtle 20 Breakout
system,ORCL,2026-09-24T13:45:06.964Z,2026-09-24T13:50:05.279Z,-0.6015,stop,Mean Reversion
system,BEAM,2026-09-24T13:35:06.518Z,2026-09-24T13:46:13.994Z,-0.0251,stop,Mean Reversion
system,DG,2026-09-24T13:35:06.518Z,2026-09-24T13:45:06.964Z,-1.2017,stop,Turtle 20 Breakout
system,ORCL,2026-09-24T13:40:07.063Z,2026-09-24T13:45:06.964Z,-0.4182,stop,Mean Reversion
system,CRWV,2026-09-24T13:40:07.063Z,2026-09-24T13:45:06.964Z,-1.2279,stop,Breakout Engine
system,P,2026-09-24T13:35:06.518Z,2026-09-24T13:41:15.046Z,-0.2536,stop,Flow Confirm
system,KVYO,2026-09-23T19:40:03.301Z,2026-09-24T13:40:07.063Z,-0.2478,stop,Trend Pulse
system,NBIS,2026-09-24T13:35:06.518Z,2026-09-24T13:40:07.063Z,1.4056,stop,Turtle 20 Breakout
system,ORCL,2026-09-24T13:36:29.591Z,2026-09-24T13:40:07.063Z,-0.2591,stop,Mean Reversion
system,HUBS,2026-09-23T19:31:23.112Z,2026-09-24T13:36:29.591Z,-1.7589,stop,Trend Pulse
system,MXL,2026-09-24T13:35:06.518Z,2026-09-24T13:36:29.591Z,0.0000,stop,Mean Reversion
system,DNTH,2026-09-24T13:35:06.518Z,2026-09-24T13:36:29.591Z,-1.2500,stop,Turtle 20 Breakout
system,NET,2026-09-14T18:30:06.349Z,2026-09-24T13:35:06.518Z,4.9643,stop,Donchian Swing
system,HL,2026-09-23T13:35:02.739Z,2026-09-24T13:35:06.518Z,-1.3036,stop,Mean Reversion
system,CDE,2026-09-23T13:50:50.377Z,2026-09-24T13:35:06.518Z,-1.5218,stop,Mean Reversion
system,SITM,2026-09-23T14:46:20.208Z,2026-09-24T13:35:06.518Z,-2.2607,stop,RSI Recovery
system,SHOP,2026-09-23T16:20:03.042Z,2026-09-24T13:35:06.518Z,-0.6538,stop,Flow Confirm
system,AAON,2026-09-23T17:25:51.700Z,2026-09-24T13:35:06.518Z,-3.9371,stop,Relative Strength Leader
system,ORKA,2026-09-23T17:40:03.512Z,2026-09-24T13:35:06.518Z,1.3636,stop,Flow Confirm
system,DNTH,2026-09-23T17:45:03.829Z,2026-09-24T13:35:06.518Z,0.7415,stop,Turtle 20 Breakout
system,VICR,2026-09-23T19:25:07.500Z,2026-09-24T13:35:06.518Z,-2.8480,stop,Relative Strength Leader
system,DAVE,2026-09-23T19:45:02.768Z,2026-09-24T13:35:06.518Z,-2.1135,stop,Turtle 20 Breakout
system,EXPE,2026-09-23T19:45:02.768Z,2026-09-24T13:35:06.518Z,0.2868,stop,Mean Reversion
system,EXPE,2026-09-23T14:31:26.642Z,2026-09-23T19:45:02.768Z,-1.4322,sell-signal,RSI Recovery
system,RELY,2026-09-23T16:20:03.042Z,2026-09-23T19:45:02.768Z,-0.2244,sell-signal,RSI Recovery
system,FMC,2026-09-23T19:20:02.624Z,2026-09-23T19:40:03.301Z,0.1576,trailing-stop,Mean Reversion
system,IONQ,2026-09-23T19:10:02.594Z,2026-09-23T19:31:23.112Z,0.1526,sell-signal,EMA Pullback Swing
system,FMC,2026-09-23T19:20:02.624Z,2026-09-23T19:31:23.112Z,0.3048,partial-target,Mean Reversion
system,FLNC,2026-09-23T16:06:17.672Z,2026-09-23T19:20:02.624Z,-0.3272,sell-signal,EMA Pullback Swing
system,BEAM,2026-09-23T18:30:02.494Z,2026-09-23T19:20:02.624Z,0.3320,trailing-stop,Mean Reversion
system,BEAM,2026-09-23T18:30:02.494Z,2026-09-23T19:15:02.673Z,0.6365,partial-target,Mean Reversion
system,IONQ,2026-09-23T15:25:03.315Z,2026-09-23T19:10:02.594Z,-1.2746,sell-signal,EMA Reclaim Trend
system,ORKA,2026-09-23T17:40:03.512Z,2026-09-23T18:55:02.582Z,4.0200,partial-target,Flow Confirm
system,CHWY,2026-09-23T17:55:03.726Z,2026-09-23T18:30:02.494Z,1.4870,target,Mean Reversion
system,ABSI,2026-09-23T18:05:03.292Z,2026-09-23T18:20:02.505Z,-0.9351,sell-signal,Flow Confirm
system,CHWY,2026-09-23T17:55:03.726Z,2026-09-23T18:15:02.432Z,0.8922,partial-target,Mean Reversion
system,DAVE,2026-09-23T15:36:36.876Z,2026-09-23T18:05:03.292Z,-0.6929,sell-signal,Flow Confirm
system,ASND,2026-09-23T17:40:03.512Z,2026-09-23T17:55:03.726Z,0.4229,trailing-stop,Mean Reversion
system,ASND,2026-09-23T17:40:03.512Z,2026-09-23T17:45:03.829Z,0.7270,partial-target,Mean Reversion
system,AUR,2026-09-23T14:05:02.842Z,2026-09-23T17:40:03.512Z,1.9199,sell-signal,Mean Reversion
system,CHYM,2026-09-23T17:00:04.888Z,2026-09-23T17:40:03.512Z,-0.9067,sell-signal,Flow Confirm
system,MAZE,2026-09-23T14:31:26.642Z,2026-09-23T17:25:51.700Z,-2.0144,sell-signal,EMA Pullback Swing
system,HUBS,2026-09-23T16:00:04.273Z,2026-09-23T17:00:04.888Z,0.4764,sell-signal,Flow Confirm
system,MXL,2026-09-23T14:36:45.648Z,2026-09-23T16:20:03.042Z,1.4796,trailing-stop,RSI Recovery
system,SHOP,2026-09-23T15:02:06.622Z,2026-09-23T16:20:03.042Z,1.3316,trailing-stop,Flow Confirm
system,RH,2026-09-23T13:35:02.739Z,2026-09-23T16:10:04.307Z,-4.2011,sell-signal,EMA Pullback Swing
system,FLNC,2026-09-23T15:55:04.574Z,2026-09-23T16:06:17.672Z,0.1962,sell-signal,Connors RSI(2)
system,FLNC,2026-09-23T14:10:03.204Z,2026-09-23T15:55:04.574Z,1.3837,trailing-stop,Relative Strength Leader
system,PAAS,2026-09-23T14:55:03.213Z,2026-09-23T15:55:04.574Z,-0.9905,sell-signal,Flow Confirm
system,MPWR,2026-09-22T18:30:02.431Z,2026-09-23T15:45:56.136Z,-2.5861,sell-signal,EMA Pullback Swing
system,BITI,2026-09-23T14:11:09.021Z,2026-09-23T15:36:36.876Z,0.6653,sell-signal,Flow Confirm
system,SRRK,2026-09-22T18:05:59.309Z,2026-09-23T15:31:14.113Z,-1.8478,sell-signal,Trend Pulse
system,MXL,2026-09-23T14:36:45.648Z,2026-09-23T15:30:04.605Z,2.7000,partial-target,RSI Recovery
system,IONQ,2026-09-23T15:16:01.231Z,2026-09-23T15:25:03.315Z,-2.5000,stop,Turtle 20 Breakout
system,IONQ,2026-09-23T13:46:02.536Z,2026-09-23T15:15:04.141Z,2.8505,target,Breakout Engine
system,FLNC,2026-09-23T14:10:03.204Z,2026-09-23T15:15:04.141Z,2.4000,partial-target,Relative Strength Leader
system,CAI,2026-09-23T14:20:02.805Z,2026-09-23T15:00:04.561Z,-1.4124,sell-signal,Connors RSI(2)
system,IONQ,2026-09-23T13:46:02.536Z,2026-09-23T14:55:03.213Z,1.7103,partial-target,Breakout Engine
system,MRNA,2026-09-23T14:10:03.204Z,2026-09-23T14:45:03.142Z,-2.4000,stop,Relative Strength Leader
system,MAZE,2026-09-23T14:25:02.852Z,2026-09-23T14:31:26.642Z,0.4741,sell-signal,Connors RSI(2)
system,KLIC,2026-09-23T13:35:02.739Z,2026-09-23T14:26:00.133Z,-0.4823,sell-signal,Flow Confirm
system,SITM,2026-09-23T13:40:02.744Z,2026-09-23T14:26:00.133Z,-2.0157,sell-signal,Flow Confirm
system,MAZE,2026-09-23T14:00:02.861Z,2026-09-23T14:25:02.852Z,-2.2250,stop,EMA Reclaim Trend
system,CAI,2026-09-23T13:40:02.744Z,2026-09-23T14:20:02.805Z,-2.5000,stop,Turtle 20 Breakout
system,BITI,2026-09-23T13:35:02.739Z,2026-09-23T14:11:09.021Z,0.6081,target,Breakout Engine
system,FLNC,2026-09-23T13:56:23.122Z,2026-09-23T14:10:03.204Z,-2.5000,stop,Turtle 20 Breakout
system,MRNA,2026-09-23T14:01:59.168Z,2026-09-23T14:10:03.204Z,-1.5000,stop,Breakout Engine
system,KVYO,2026-09-23T13:40:53.789Z,2026-09-23T14:05:02.842Z,-2.5000,stop,Turtle 20 Breakout
system,TEAM,2026-09-23T13:46:02.536Z,2026-09-23T14:01:59.168Z,0.9961,trailing-stop,EMA Reclaim Trend
system,TEAM,2026-09-23T13:46:02.536Z,2026-09-23T14:00:02.861Z,2.0400,partial-target,EMA Reclaim Trend
system,MAZE,2026-09-23T13:46:02.536Z,2026-09-23T14:00:02.861Z,-1.5000,stop,Breakout Engine
system,AUR,2026-09-23T13:55:02.839Z,2026-09-23T13:56:23.122Z,-0.3655,stop,Mean Reversion
system,AUR,2026-09-23T13:50:50.377Z,2026-09-23T13:55:02.839Z,-0.4876,stop,Mean Reversion
system,CELH,2026-09-22T17:29:53.937Z,2026-09-23T13:50:50.377Z,-2.5701,sell-signal,Trend Pulse
system,AUR,2026-09-23T13:50:02.998Z,2026-09-23T13:50:50.377Z,-0.4876,stop,Mean Reversion
system,LTH,2026-09-22T17:05:02.427Z,2026-09-23T13:50:02.998Z,-3.2114,sell-signal,RSI Recovery
system,MANE,2026-09-22T15:55:47.992Z,2026-09-23T13:46:02.536Z,-2.2543,sell-signal,EMA Pullback Swing
system,MDLN,2026-09-23T13:35:57.425Z,2026-09-23T13:46:02.536Z,-0.8818,sell-signal,Breakout Engine
system,TEAM,2026-09-23T13:40:53.789Z,2026-09-23T13:46:02.536Z,-1.5000,stop,Breakout Engine
system,TEAM,2026-09-23T13:40:02.744Z,2026-09-23T13:40:53.789Z,-1.5000,stop,Breakout Engine
system,KVYO,2026-09-23T13:40:02.744Z,2026-09-23T13:40:53.789Z,-2.5000,stop,Turtle 20 Breakout
system,SITM,2026-09-23T13:35:02.739Z,2026-09-23T13:40:02.744Z,1.2491,trailing-stop,Flow Confirm
system,AUR,2026-09-23T13:35:02.739Z,2026-09-23T13:40:02.744Z,2.1533,trailing-stop,Mean Reversion
system,IONQ,2026-09-23T13:35:57.425Z,2026-09-23T13:40:02.744Z,-1.5000,stop,Breakout Engine
system,CDE,2026-09-23T13:35:57.425Z,2026-09-23T13:40:02.744Z,-0.0237,stop,Mean Reversion
system,MDLN,2026-09-23T13:35:02.739Z,2026-09-23T13:35:57.425Z,-1.5000,stop,Breakout Engine
system,IONQ,2026-09-23T13:35:02.739Z,2026-09-23T13:35:57.425Z,2.5454,target,Breakout Engine
system,AUR,2026-09-23T13:35:02.739Z,2026-09-23T13:35:57.425Z,2.9008,partial-target,Mean Reversion
system,CDE,2026-09-23T13:35:02.739Z,2026-09-23T13:35:57.425Z,-0.0237,stop,Mean Reversion
system,BITI,2026-09-21T13:30:57.522Z,2026-09-23T13:35:02.739Z,-0.9510,sell-signal,Mean Reversion
system,RH,2026-09-22T13:55:02.077Z,2026-09-23T13:35:02.739Z,-2.6254,stop,Relative Strength Leader
system,SNDK,2026-09-22T14:41:34.937Z,2026-09-23T13:35:02.739Z,0.0397,sell-signal,EMA Reclaim Trend
system,RMBS,2026-09-22T15:55:02.253Z,2026-09-23T13:35:02.739Z,0.9177,trailing-stop,EMA Pullback Swing
system,LEN,2026-09-22T18:25:02.254Z,2026-09-23T13:35:02.739Z,-0.6046,sell-signal,EMA Reclaim Trend
system,SHOP,2026-09-22T19:30:02.592Z,2026-09-23T13:35:02.739Z,-0.6533,sell-signal,Flow Confirm
system,ESI,2026-09-22T19:35:02.453Z,2026-09-23T13:35:02.739Z,-1.6456,sell-signal,Flow Confirm
system,SIMO,2026-09-22T19:50:02.409Z,2026-09-23T13:35:02.739Z,-2.8723,stop,Breakout Engine
system,KLIC,2026-09-22T19:55:02.548Z,2026-09-23T13:35:02.739Z,-1.5000,stop,Breakout Engine
system,MDLN,2026-09-22T19:55:02.548Z,2026-09-23T13:35:02.739Z,-1.4287,stop,Breakout Engine
system,HIMS,2026-09-22T18:10:02.594Z,2026-09-22T19:55:02.548Z,-2.2000,stop,EMA Reclaim Trend
system,RARE,2026-09-22T19:01:35.373Z,2026-09-22T19:55:02.548Z,-1.8279,sell-signal,Flow Confirm
system,TNGX,2026-09-22T19:45:02.382Z,2026-09-22T19:50:02.409Z,-1.5000,stop,Breakout Engine
system,TNGX,2026-09-22T17:50:02.726Z,2026-09-22T19:45:02.382Z,6.7000,target,Trend Pulse
system,SCHW,2026-09-22T18:16:00.061Z,2026-09-22T19:35:02.453Z,0.0099,sell-signal,Flow Confirm
system,TNGX,2026-09-22T17:50:02.726Z,2026-09-22T19:31:14.654Z,4.0200,partial-target,Trend Pulse
system,ABSI,2026-09-22T18:05:04.550Z,2026-09-22T19:30:02.592Z,-1.5766,sell-signal,Flow Confirm
system,DKS,2026-09-22T17:25:02.707Z,2026-09-22T19:01:35.373Z,0.1608,sell-signal,Flow Confirm
system,GLBE,2026-09-22T16:25:02.803Z,2026-09-22T18:30:02.431Z,0.9141,sell-signal,Turtle 20 Breakout
system,ONON,2026-09-22T15:45:02.478Z,2026-09-22T18:25:02.254Z,-1.3728,sell-signal,EMA Pullback Swing
system,TTAN,2026-09-22T17:20:02.659Z,2026-09-22T18:16:00.061Z,-0.8724,sell-signal,Flow Confirm
system,MAZE,2026-09-22T15:35:02.345Z,2026-09-22T18:10:02.594Z,3.7270,target,EMA Reclaim Trend
system,CSCO,2026-09-22T16:40:02.518Z,2026-09-22T18:05:59.309Z,0.2530,trailing-stop,Mean Reversion
system,ALAB,2026-09-22T15:55:02.253Z,2026-09-22T18:05:04.550Z,-0.4667,sell-signal,Flow Confirm
system,CSCO,2026-09-22T16:40:02.518Z,2026-09-22T18:00:03.434Z,0.4835,partial-target,Mean Reversion
system,GEN,2026-09-22T15:40:02.477Z,2026-09-22T17:50:02.726Z,-1.7419,stop,Mean Reversion
system,VICR,2026-09-22T15:05:02.650Z,2026-09-22T17:29:53.937Z,3.4000,target,EMA Reclaim Trend
system,TWLO,2026-09-22T13:41:22.084Z,2026-09-22T17:25:02.707Z,0.0849,sell-signal,Flow Confirm
system,RARE,2026-09-22T15:31:19.493Z,2026-09-22T17:20:02.659Z,1.4256,trailing-stop,Flow Confirm
system,META,2026-09-22T16:40:02.518Z,2026-09-22T17:05:02.427Z,-0.0054,sell-signal,Connors RSI(2)
system,VICR,2026-09-22T15:05:02.650Z,2026-09-22T16:45:02.711Z,2.0400,partial-target,EMA Reclaim Trend
system,META,2026-09-21T17:45:05.127Z,2026-09-22T16:40:02.518Z,0.1196,sell-signal,Turtle 20 Breakout
system,ABSI,2026-09-22T16:10:02.522Z,2026-09-22T16:40:02.518Z,-0.7477,sell-signal,Connors RSI(2)
system,MRNA,2026-09-22T16:10:02.522Z,2026-09-22T16:25:02.803Z,0.1223,sell-signal,Connors RSI(2)
system,CELH,2026-09-22T13:35:02.527Z,2026-09-22T16:10:02.522Z,1.0584,trailing-stop,Turtle 20 Breakout
system,MRNA,2026-09-22T15:05:02.650Z,2026-09-22T16:10:02.522Z,-2.5000,stop,Turtle 20 Breakout
system,OSCR,2026-09-22T15:31:19.493Z,2026-09-22T15:55:47.992Z,0.9640,trailing-stop,Mean Reversion
system,OKTA,2026-09-14T18:15:16.936Z,2026-09-22T15:55:02.253Z,1.5108,trailing-stop,Donchian Swing
system,TNGX,2026-09-22T14:25:02.692Z,2026-09-22T15:55:02.253Z,1.4598,trailing-stop,Relative Strength Leader
system,OSCR,2026-09-22T15:31:19.493Z,2026-09-22T15:55:02.253Z,1.5342,partial-target,Mean Reversion
system,DKNG,2026-09-22T15:10:05.239Z,2026-09-22T15:45:02.478Z,-2.4000,stop,Relative Strength Leader
system,BLLN,2026-09-22T14:15:02.816Z,2026-09-22T15:40:02.477Z,3.3918,target,Breakout Engine
system,MAZE,2026-09-22T15:06:20.724Z,2026-09-22T15:35:02.345Z,1.2997,trailing-stop,EMA Reclaim Trend
system,SHOP,2026-09-22T13:35:02.527Z,2026-09-22T15:31:19.493Z,0.0575,sell-signal,Flow Confirm
system,MPWR,2026-09-22T14:35:02.523Z,2026-09-22T15:31:19.493Z,0.0619,sell-signal,Flow Confirm
system,MAZE,2026-09-22T15:06:20.724Z,2026-09-22T15:20:03.555Z,2.5117,partial-target,EMA Reclaim Trend
system,BLLN,2026-09-22T14:15:02.816Z,2026-09-22T15:15:02.787Z,2.0351,partial-target,Breakout Engine
system,ONON,2026-09-22T13:45:02.374Z,2026-09-22T15:10:05.239Z,-1.5000,stop,Breakout Engine
system,ABSI,2026-09-22T14:10:02.218Z,2026-09-22T15:06:20.724Z,4.0000,target,Relative Strength Leader
system,BMNR,2026-09-18T14:55:02.647Z,2026-09-22T15:05:02.650Z,8.4548,sell-signal,EMA Pullback Swing
system,VICR,2026-09-22T14:00:02.297Z,2026-09-22T15:05:02.650Z,-1.5000,stop,Breakout Engine
system,ABSI,2026-09-22T14:10:02.218Z,2026-09-22T14:55:03.423Z,2.4000,partial-target,Relative Strength Leader
system,TNGX,2026-09-22T14:25:02.692Z,2026-09-22T14:55:03.423Z,2.4000,partial-target,Relative Strength Leader
system,RMBS,2026-09-22T14:21:11.061Z,2026-09-22T14:41:34.937Z,1.5797,trailing-stop,Turtle 20 Breakout
system,BOOT,2026-09-22T13:36:20.433Z,2026-09-22T14:35:02.523Z,1.1108,trailing-stop,Flow Confirm
system,RBRK,2026-09-14T13:50:06.523Z,2026-09-22T14:25:02.692Z,20.8437,sell-signal,EMA Pullback Swing
system,TNGX,2026-09-22T13:55:02.077Z,2026-09-22T14:21:11.061Z,-2.5000,stop,Turtle 20 Breakout
system,AZO,2026-09-22T14:10:02.218Z,2026-09-22T14:15:02.816Z,-2.2000,stop,EMA Reclaim Trend
system,AZO,2026-09-22T13:35:02.527Z,2026-09-22T14:10:02.218Z,1.6206,trailing-stop,Relative Strength Leader
system,WDC,2026-09-22T13:55:59.771Z,2026-09-22T14:10:02.218Z,-1.3242,stop,Breakout Engine
system,AZO,2026-09-22T13:35:02.527Z,2026-09-22T14:02:20.416Z,2.4000,partial-target,Relative Strength Leader
system,VICR,2026-09-22T13:41:22.084Z,2026-09-22T14:00:02.297Z,4.3983,target,Breakout Engine
system,GRAB,2026-09-22T13:46:42.939Z,2026-09-22T13:55:59.771Z,0.8000,trailing-stop,Breakout Engine
system,RMBS,2026-09-21T17:40:06.190Z,2026-09-22T13:55:02.077Z,3.4000,target,EMA Reclaim Trend
system,ABSI,2026-09-22T13:45:02.374Z,2026-09-22T13:55:02.077Z,1.2621,trailing-stop,Turtle 20 Breakout
system,VICR,2026-09-22T13:41:22.084Z,2026-09-22T13:51:24.896Z,2.6390,partial-target,Breakout Engine
system,GDDY,2026-09-22T13:35:02.527Z,2026-09-22T13:46:42.939Z,0.0477,trailing-stop,Breakout Engine
system,RMBS,2026-09-21T17:40:06.190Z,2026-09-22T13:45:02.374Z,2.0400,partial-target,EMA Reclaim Trend
system,MAZE,2026-09-22T13:35:02.527Z,2026-09-22T13:45:02.374Z,1.7806,trailing-stop,Breakout Engine
system,WOLF,2026-09-22T13:35:02.527Z,2026-09-22T13:45:02.374Z,-1.1188,stop,Mean Reversion
system,DUOL,2026-09-21T15:35:14.776Z,2026-09-22T13:41:22.084Z,-0.9505,sell-signal,EMA Pullback Swing
system,AKAM,2026-09-22T13:35:02.527Z,2026-09-22T13:41:22.084Z,0.3488,trailing-stop,Breakout Engine
system,GDDY,2026-09-22T13:35:02.527Z,2026-09-22T13:41:22.084Z,0.4026,partial-target,Breakout Engine
system,CAI,2026-09-17T16:20:14.074Z,2026-09-22T13:36:20.433Z,2.0308,trailing-stop,Donchian Swing
system,AKAM,2026-09-22T13:35:02.527Z,2026-09-22T13:36:20.433Z,0.5060,partial-target,Breakout Engine
system,COIN,2026-09-21T14:15:09.435Z,2026-09-22T13:35:02.527Z,-2.4000,stop,Relative Strength Leader
system,OKLO,2026-09-21T15:35:14.776Z,2026-09-22T13:35:02.527Z,-1.7082,sell-signal,EMA Reclaim Trend
system,WOLF,2026-09-21T16:35:09.992Z,2026-09-22T13:35:02.527Z,-0.8721,sell-signal,EMA Reclaim Trend
system,MP,2026-09-21T17:00:40.990Z,2026-09-22T13:35:02.527Z,-0.9554,sell-signal,Flow Confirm
system,GDDY,2026-09-21T19:00:05.179Z,2026-09-22T13:35:02.527Z,0.8340,target,Breakout Engine
system,IBIT,2026-09-21T19:35:05.297Z,2026-09-22T13:35:02.527Z,-1.5000,stop,Breakout Engine
system,AKAM,2026-09-21T19:55:05.345Z,2026-09-22T13:35:02.527Z,0.5183,target,Breakout Engine
system,QXO,2026-09-21T18:31:10.302Z,2026-09-21T19:55:05.345Z,-0.4900,sell-signal,Turtle 20 Breakout
system,IBIT,2026-09-18T19:15:02.138Z,2026-09-21T19:35:05.297Z,6.7000,target,Trend Pulse
system,ALAB,2026-09-21T18:00:05.352Z,2026-09-21T19:00:05.179Z,0.6367,trailing-stop,Breakout Engine
system,WBD,2026-09-21T17:20:07.931Z,2026-09-21T18:31:10.302Z,-0.1459,sell-signal,Breakout Engine
system,ALAB,2026-09-21T18:00:05.352Z,2026-09-21T18:20:05.167Z,0.8930,partial-target,Breakout Engine
system,MRNA,2026-09-21T17:35:45.105Z,2026-09-21T18:00:05.352Z,1.2813,trailing-stop,Turtle 20 Breakout
system,META,2026-09-21T14:05:08.790Z,2026-09-21T17:45:05.127Z,3.8119,target,Breakout Engine
system,SMR,2026-09-21T14:15:56.697Z,2026-09-21T17:40:06.190Z,1.3487,trailing-stop,EMA Reclaim Trend
system,MRNA,2026-09-21T14:55:08.948Z,2026-09-21T17:35:45.105Z,0.8559,trailing-stop,Relative Strength Leader
system,ETHA,2026-09-21T13:35:09.238Z,2026-09-21T17:20:07.931Z,0.3148,sell-signal,Turtle 20 Breakout
system,META,2026-09-21T14:05:08.790Z,2026-09-21T17:05:13.153Z,2.2871,partial-target,Breakout Engine
system,P,2026-09-21T14:31:11.068Z,2026-09-21T17:00:40.990Z,1.2101,trailing-stop,Flow Confirm
system,INTC,2026-09-21T16:20:16.524Z,2026-09-21T16:35:09.992Z,0.3588,sell-signal,Connors RSI(2)
system,INTC,2026-09-21T14:45:21.220Z,2026-09-21T16:20:16.524Z,1.2332,trailing-stop,Turtle 20 Breakout
system,WBD,2026-09-21T14:05:08.790Z,2026-09-21T15:35:14.776Z,0.2134,sell-signal,Breakout Engine
system,DOCN,2026-09-21T14:10:07.792Z,2026-09-21T15:35:14.776Z,1.3943,trailing-stop,Turtle 20 Breakout
system,SMR,2026-09-21T14:15:56.697Z,2026-09-21T15:35:14.776Z,2.0400,partial-target,EMA Reclaim Trend
system,MRNA,2026-09-21T14:15:56.697Z,2026-09-21T14:55:08.948Z,1.0072,trailing-stop,Relative Strength Leader
system,CRDO,2026-09-21T13:50:07.708Z,2026-09-21T14:45:21.220Z,1.0722,trailing-stop,Turtle 20 Breakout
system,MSTR,2026-09-21T13:35:09.238Z,2026-09-21T14:31:11.068Z,-1.4072,sell-signal,Flow Confirm
system,ARM,2026-09-21T13:55:50.775Z,2026-09-21T14:15:56.697Z,0.6894,trailing-stop,Breakout Engine
system,STX,2026-09-21T13:35:50.776Z,2026-09-21T14:15:09.435Z,-2.4000,stop,Relative Strength Leader
system,CRCL,2026-09-18T15:45:01.985Z,2026-09-21T14:10:07.792Z,4.6677,trailing-stop,EMA Pullback Swing
system,HUT,2026-09-21T13:40:05.824Z,2026-09-21T14:05:08.790Z,-1.3052,stop,Breakout Engine
system,SNDK,2026-09-21T13:40:50.871Z,2026-09-21T14:05:08.790Z,-1.3028,stop,Breakout Engine
system,ARM,2026-09-21T13:40:50.871Z,2026-09-21T13:55:50.775Z,0.7660,trailing-stop,Breakout Engine
system,MRNA,2026-09-21T13:35:09.238Z,2026-09-21T13:50:07.708Z,1.0351,trailing-stop,Turtle 20 Breakout
system,SNDK,2026-09-21T13:35:09.238Z,2026-09-21T13:40:50.871Z,0.8136,trailing-stop,Breakout Engine
system,ARM,2026-09-21T13:40:05.824Z,2026-09-21T13:40:50.871Z,-1.5000,stop,Breakout Engine
system,HUT,2026-09-21T13:35:09.238Z,2026-09-21T13:40:05.824Z,1.2861,trailing-stop,Breakout Engine
system,ARM,2026-09-21T13:35:09.238Z,2026-09-21T13:40:05.824Z,0.9910,trailing-stop,Breakout Engine
system,AR,2026-09-21T13:35:09.238Z,2026-09-21T13:40:05.824Z,-0.4633,stop,Mean Reversion
system,SNDK,2026-09-21T13:35:09.238Z,2026-09-21T13:35:50.776Z,1.2604,partial-target,Breakout Engine
system,HUT,2026-09-21T13:35:09.238Z,2026-09-21T13:35:50.776Z,2.5327,partial-target,Breakout Engine
system,ETHA,2026-09-18T15:50:01.797Z,2026-09-21T13:35:09.238Z,3.4000,target,EMA Reclaim Trend
system,ASTS,2026-09-18T16:50:03.088Z,2026-09-21T13:35:09.238Z,4.5000,target,RSI Recovery
system,GLXY,2026-09-18T18:19:25.816Z,2026-09-21T13:35:09.238Z,6.7000,target,Trend Pulse
system,MSTR,2026-09-18T18:40:03.970Z,2026-09-21T13:35:09.238Z,6.7000,target,Flow Confirm
system,AR,2026-09-18T19:10:02.105Z,2026-09-21T13:35:09.238Z,-1.4749,stop,Mean Reversion
system,ARM,2026-09-18T19:55:02.348Z,2026-09-21T13:35:09.238Z,1.0934,target,Breakout Engine
system,HUT,2026-09-18T19:55:02.348Z,2026-09-21T13:35:09.238Z,2.3359,target,Breakout Engine
system,SNDK,2026-09-21T13:30:57.522Z,2026-09-21T13:35:09.238Z,-1.5000,stop,Breakout Engine
system,BITI,2026-09-18T13:55:02.533Z,2026-09-21T13:30:57.522Z,-6.0639,stop,Mean Reversion
system,SNDK,2026-09-18T14:05:03.134Z,2026-09-21T13:30:57.522Z,6.7000,target,Flow Confirm
system,IBIT,2026-09-18T19:15:02.138Z,2026-09-21T13:30:57.522Z,4.0200,partial-target,Trend Pulse
system,ARM,2026-09-18T13:35:02.591Z,2026-09-18T19:55:02.348Z,3.4000,target,EMA Reclaim Trend
system,SNDK,2026-09-18T14:05:03.134Z,2026-09-18T19:55:02.348Z,4.0200,partial-target,Flow Confirm
system,RDW,2026-09-18T19:50:02.125Z,2026-09-18T19:55:02.348Z,-0.6944,sell-signal,Breakout Engine
system,ALKS,2026-09-18T19:15:02.138Z,2026-09-18T19:50:02.125Z,-0.7614,sell-signal,Flow Confirm
system,ETHA,2026-09-18T15:50:01.797Z,2026-09-18T19:20:02.184Z,2.0400,partial-target,EMA Reclaim Trend
system,NUE,2026-09-18T17:30:02.171Z,2026-09-18T19:15:02.138Z,0.2332,sell-signal,Flow Confirm
system,ALKS,2026-09-18T18:00:43.717Z,2026-09-18T19:15:02.138Z,0.2507,trailing-stop,Mean Reversion
system,AR,2026-09-16T19:25:09.106Z,2026-09-18T19:10:02.105Z,-1.7724,stop,Mean Reversion
system,ALKS,2026-09-18T18:00:43.717Z,2026-09-18T18:55:02.093Z,0.3469,partial-target,Mean Reversion
system,ARM,2026-09-18T13:35:02.591Z,2026-09-18T18:45:02.230Z,2.0400,partial-target,EMA Reclaim Trend
system,MTSI,2026-09-18T15:10:03.520Z,2026-09-18T18:40:03.970Z,-0.8672,sell-signal,Flow Confirm
system,MARA,2026-09-18T15:40:01.966Z,2026-09-18T18:19:25.816Z,3.4000,target,EMA Reclaim Trend
system,MIRM,2026-09-18T17:10:01.909Z,2026-09-18T18:00:43.717Z,0.7309,target,Mean Reversion
system,MARA,2026-09-18T15:40:01.966Z,2026-09-18T17:45:02.248Z,2.0400,partial-target,EMA Reclaim Trend
system,MIRM,2026-09-18T17:10:01.909Z,2026-09-18T17:45:02.248Z,0.4385,partial-target,Mean Reversion
system,KEEL,2026-09-18T15:55:01.977Z,2026-09-18T17:30:02.171Z,1.1842,sell-signal,Flow Confirm
system,QCOM,2026-09-18T16:55:02.132Z,2026-09-18T17:10:01.909Z,1.0225,target,Mean Reversion
system,SRRK,2026-09-18T16:15:02.037Z,2026-09-18T16:55:02.132Z,1.1945,target,Mean Reversion
system,BTDR,2026-09-18T14:10:02.631Z,2026-09-18T16:50:03.088Z,4.0000,target,Relative Strength Leader
system,SRRK,2026-09-18T16:15:02.037Z,2026-09-18T16:40:01.926Z,0.7167,partial-target,Mean Reversion
system,MSTR,2026-09-18T13:50:02.507Z,2026-09-18T16:15:02.037Z,4.4185,target,Breakout Engine
system,BTDR,2026-09-18T14:10:02.631Z,2026-09-18T16:15:02.037Z,2.4000,partial-target,Relative Strength Leader
system,HOOD,2026-09-18T14:40:02.971Z,2026-09-18T15:55:01.977Z,0.9796,sell-signal,Flow Confirm
system,IBIT,2026-09-18T14:00:04.682Z,2026-09-18T15:50:01.797Z,0.6935,sell-signal,Breakout Engine
system,CRCL,2026-09-18T13:35:02.591Z,2026-09-18T15:45:01.985Z,1.7811,trailing-stop,EMA Pullback Swing
system,ALAB,2026-09-18T13:45:15.452Z,2026-09-18T15:40:01.966Z,0.2319,trailing-stop,Breakout Engine
system,MXL,2026-09-18T13:40:13.321Z,2026-09-18T15:10:03.520Z,3.4000,target,EMA Reclaim Trend
system,KRMN,2026-09-18T13:40:02.692Z,2026-09-18T14:55:02.647Z,-2.6000,stop,Relative Strength Leader
system,ALAB,2026-09-18T13:45:15.452Z,2026-09-18T14:55:02.647Z,0.8766,partial-target,Breakout Engine
system,RUN,2026-09-17T19:30:06.972Z,2026-09-18T14:40:02.971Z,-3.9610,sell-signal,Trend Pulse
system,MSTR,2026-09-18T13:50:02.507Z,2026-09-18T14:25:02.755Z,2.6511,partial-target,Breakout Engine
system,DOCN,2026-09-16T17:20:05.744Z,2026-09-18T14:10:02.631Z,4.2738,trailing-stop,EMA Pullback Swing
system,FPS,2026-09-17T16:20:14.074Z,2026-09-18T14:05:03.134Z,2.6400,trailing-stop,Trend Pulse
system,MXL,2026-09-18T13:40:13.321Z,2026-09-18T14:05:03.134Z,2.0400,partial-target,EMA Reclaim Trend
system,MTZ,2026-09-18T13:30:25.217Z,2026-09-18T14:00:04.682Z,-1.5590,stop,Breakout Engine
system,MEDP,2026-09-16T13:35:06.181Z,2026-09-18T13:55:02.533Z,-1.1590,sell-signal,Trend Pulse
system,MANE,2026-09-18T13:35:08.186Z,2026-09-18T13:50:02.507Z,-1.2923,sell-signal,Breakout Engine
system,ALAB,2026-09-18T13:35:02.591Z,2026-09-18T13:45:15.452Z,0.9249,target,Breakout Engine
system,ALAB,2026-09-18T13:35:02.591Z,2026-09-18T13:45:03.400Z,0.5550,partial-target,Breakout Engine
system,LUNR,2026-09-18T13:40:02.692Z,2026-09-18T13:40:13.321Z,-0.2839,stop,Mean Reversion
system,SPCX,2026-09-16T18:25:08.752Z,2026-09-18T13:40:02.692Z,1.7562,sell-signal,EMA Reclaim Trend
system,LUNR,2026-09-18T13:35:02.591Z,2026-09-18T13:40:02.692Z,-2.3562,stop,Mean Reversion
system,VICR,2026-09-18T13:30:25.217Z,2026-09-18T13:35:08.186Z,-1.5292,stop,Breakout Engine
system,CRDO,2026-09-17T14:50:15.680Z,2026-09-18T13:35:02.591Z,3.4000,target,EMA Reclaim Trend
system,ALAB,2026-09-17T18:15:16.573Z,2026-09-18T13:35:02.591Z,1.7017,trailing-stop,Flow Confirm
system,LUNR,2026-09-17T19:40:12.534Z,2026-09-18T13:35:02.591Z,-3.5428,stop,Connors RSI(2)
system,ARM,2026-09-18T13:30:04.413Z,2026-09-18T13:35:02.591Z,-1.9683,stop,Breakout Engine
system,CRDO,2026-09-17T14:50:15.680Z,2026-09-18T13:30:25.217Z,2.0400,partial-target,EMA Reclaim Trend
system,FPS,2026-09-17T16:20:14.074Z,2026-09-18T13:30:25.217Z,4.0200,partial-target,Trend Pulse
system,FCEL,2026-09-17T16:55:06.800Z,2026-09-18T13:30:25.217Z,0.4798,sell-signal,Flow Confirm
system,IONQ,2026-09-17T19:55:06.865Z,2026-09-18T13:30:25.217Z,0.9694,sell-signal,Connors RSI(2)
system,INTC,2026-09-17T19:25:08.518Z,2026-09-18T13:30:04.413Z,-0.0410,sell-signal,Connors RSI(2)
system,TWST,2026-09-17T16:45:17.532Z,2026-09-17T19:55:05.027Z,-2.2994,stop,EMA Reclaim Trend
system,CROX,2026-09-17T19:15:07.365Z,2026-09-17T19:40:08.431Z,-0.1895,sell-signal,Connors RSI(2)
system,TSEM,2026-09-17T18:50:08.266Z,2026-09-17T19:30:06.972Z,-1.0549,sell-signal,Connors RSI(2)
system,UMC,2026-09-17T15:30:28.030Z,2026-09-17T19:25:07.162Z,0.6818,sell-signal,Flow Confirm
system,SMTC,2026-09-17T14:10:06.819Z,2026-09-17T19:15:07.365Z,2.0350,trailing-stop,Trend Pulse
system,TSEM,2026-09-17T18:30:26.501Z,2026-09-17T18:50:08.266Z,-0.5247,sell-signal,EMA Pullback Swing
system,MXL,2026-09-17T18:15:16.573Z,2026-09-17T18:30:26.501Z,0.2588,sell-signal,Connors RSI(2)
system,GNRC,2026-09-17T18:00:43.423Z,2026-09-17T18:15:16.573Z,0.2549,sell-signal,Connors RSI(2)
system,SMCI,2026-09-17T18:10:11.781Z,2026-09-17T18:15:16.573Z,0.1235,sell-signal,Connors RSI(2)
system,SITM,2026-09-17T17:55:10.031Z,2026-09-17T18:10:11.781Z,0.1745,sell-signal,Connors RSI(2)
system,IBRX,2026-09-17T17:50:12.676Z,2026-09-17T18:00:43.423Z,0.2955,sell-signal,Connors RSI(2)
system,ARM,2026-09-17T17:40:12.703Z,2026-09-17T17:55:10.031Z,0.1393,sell-signal,Connors RSI(2)
system,HPE,2026-09-17T17:10:12.056Z,2026-09-17T17:50:12.676Z,-0.2120,sell-signal,Connors RSI(2)
system,MXL,2026-09-17T17:25:08.855Z,2026-09-17T17:40:12.703Z,-0.0132,sell-signal,Connors RSI(2)
system,IBRX,2026-09-17T17:20:12.263Z,2026-09-17T17:25:08.855Z,0.8255,sell-signal,Connors RSI(2)
system,GNRC,2026-09-17T17:10:12.056Z,2026-09-17T17:20:12.263Z,0.8579,sell-signal,Connors RSI(2)
system,TEM,2026-09-17T13:55:09.253Z,2026-09-17T17:10:12.056Z,2.7278,sell-signal,Breakout Engine
system,TSEM,2026-09-17T15:45:18.784Z,2026-09-17T17:10:12.056Z,1.6349,sell-signal,Flow Confirm
system,INTC,2026-09-17T15:05:09.983Z,2026-09-17T16:55:06.800Z,0.5155,sell-signal,Flow Confirm
system,ABSI,2026-09-17T16:15:17.764Z,2026-09-17T16:45:17.532Z,-3.0704,sell-signal,Connors RSI(2)
system,SNDK,2026-09-17T16:05:09.662Z,2026-09-17T16:20:14.074Z,0.0295,sell-signal,Connors RSI(2)
system,FCEL,2026-09-17T16:05:09.662Z,2026-09-17T16:20:14.074Z,0.3137,sell-signal,Connors RSI(2)
system,HPE,2026-09-17T16:05:09.662Z,2026-09-17T16:15:17.764Z,0.3762,sell-signal,Connors RSI(2)
system,SNDK,2026-09-17T13:40:06.238Z,2026-09-17T16:05:09.662Z,-0.6960,sell-signal,Breakout Engine
system,HPE,2026-09-17T14:00:46.147Z,2026-09-17T16:05:09.662Z,0.9494,trailing-stop,Donchian Swing
system,VICR,2026-09-17T15:40:12.946Z,2026-09-17T16:05:09.662Z,-0.4671,sell-signal,Connors RSI(2)
system,SMTC,2026-09-17T14:10:06.819Z,2026-09-17T15:50:12.109Z,4.0200,partial-target,Trend Pulse
system,SMCI,2026-09-17T14:51:40.147Z,2026-09-17T15:45:18.784Z,-1.2258,sell-signal,Flow Confirm
system,ILMN,2026-09-16T14:00:07.066Z,2026-09-17T15:40:12.946Z,6.7000,target,Trend Pulse
system,TWST,2026-09-17T14:35:48.821Z,2026-09-17T15:30:28.030Z,-2.4246,sell-signal,Flow Confirm
system,MRNA,2026-09-17T14:00:07.143Z,2026-09-17T15:05:09.983Z,-1.7621,stop,Breakout Engine
system,INTC,2026-09-17T14:05:08.476Z,2026-09-17T14:51:40.147Z,0.7263,sell-signal,Flow Confirm
system,CRDO,2026-09-17T13:30:30.490Z,2026-09-17T14:50:15.680Z,-1.8059,sell-signal,Flow Confirm
system,CIEN,2026-09-17T13:45:06.065Z,2026-09-17T14:35:48.821Z,-3.6542,sell-signal,Flow Confirm
system,TEM,2026-09-17T13:55:09.253Z,2026-09-17T14:10:06.819Z,3.6326,partial-target,Breakout Engine
system,SPCX,2026-09-16T18:25:08.752Z,2026-09-17T14:05:08.476Z,2.0400,partial-target,EMA Reclaim Trend
system,SMTC,2026-09-17T13:30:08.571Z,2026-09-17T14:05:07.127Z,1.5807,trailing-stop,Trend Pulse
system,LITE,2026-09-17T13:30:08.571Z,2026-09-17T14:05:07.127Z,-2.5523,sell-signal,Flow Confirm
system,CLS,2026-09-17T13:40:06.238Z,2026-09-17T14:00:07.143Z,0.0146,trailing-stop,Breakout Engine
system,SMTC,2026-09-17T13:30:08.571Z,2026-09-17T13:55:09.253Z,4.0200,partial-target,Trend Pulse
system,VICR,2026-09-17T13:40:06.238Z,2026-09-17T13:55:09.253Z,0.9795,trailing-stop,Breakout Engine
system,ILMN,2026-09-16T14:00:07.066Z,2026-09-17T13:55:06.315Z,4.0200,partial-target,Trend Pulse
system,CRCL,2026-09-16T19:45:05.772Z,2026-09-17T13:50:06.347Z,4.5000,target,RSI Recovery
system,CLS,2026-09-17T13:40:06.238Z,2026-09-17T13:50:06.347Z,2.3228,partial-target,Breakout Engine
system,ALAB,2026-09-16T15:10:07.435Z,2026-09-17T13:45:06.065Z,6.7000,target,Flow Confirm
system,ON,2026-09-16T19:00:07.432Z,2026-09-17T13:40:06.238Z,-1.2374,trailing-stop,Mean Reversion
system,SYNA,2026-09-16T19:15:06.375Z,2026-09-17T13:40:06.238Z,-0.3593,trailing-stop,Mean Reversion
system,CHYM,2026-09-17T13:30:08.571Z,2026-09-17T13:40:06.238Z,-1.6419,stop,Breakout Engine
system,FTAI,2026-09-16T19:05:09.200Z,2026-09-17T13:30:30.490Z,6.7000,target,Flow Confirm
system,ALAB,2026-09-16T15:10:07.435Z,2026-09-17T13:30:08.571Z,4.0200,partial-target,Flow Confirm
system,COHR,2026-09-16T16:30:07.175Z,2026-09-17T13:30:08.571Z,3.4000,target,EMA Reclaim Trend
system,SYNA,2026-09-16T19:15:06.375Z,2026-09-17T13:30:08.571Z,2.1951,partial-target,Mean Reversion
system,FPS,2026-09-16T19:30:06.029Z,2026-09-17T13:30:08.571Z,3.4000,target,EMA Reclaim Trend
system,CRCL,2026-09-16T19:45:05.772Z,2026-09-17T13:30:08.571Z,2.7000,partial-target,RSI Recovery
system,ELVN,2026-09-16T19:00:42.524Z,2026-09-16T19:45:05.772Z,-0.6706,sell-signal,Flow Confirm
system,TGTX,2026-09-16T19:20:05.735Z,2026-09-16T19:30:06.029Z,0.0274,sell-signal,Connors RSI(2)
system,PR,2026-09-16T14:05:06.975Z,2026-09-16T19:25:07.037Z,-3.0011,stop,Mean Reversion
system,TGTX,2026-09-16T14:35:09.656Z,2026-09-16T19:20:05.735Z,-2.3095,stop,EMA Reclaim Trend
system,CRDO,2026-09-16T19:10:05.650Z,2026-09-16T19:15:16.776Z,0.3399,sell-signal,Connors RSI(2)
system,RIOT,2026-09-16T18:05:05.813Z,2026-09-16T19:15:06.375Z,-2.9539,sell-signal,Trend Pulse
system,ARWR,2026-09-16T14:15:06.611Z,2026-09-16T19:10:05.650Z,-1.8876,stop,Mean Reversion
system,CRDO,2026-09-16T18:55:08.777Z,2026-09-16T19:05:06.054Z,-0.2030,sell-signal,Flow Confirm
system,FPS,2026-09-16T18:50:06.683Z,2026-09-16T19:00:42.524Z,0.4405,sell-signal,Connors RSI(2)
system,UMC,2026-09-16T14:35:09.656Z,2026-09-16T19:00:07.432Z,-1.0114,sell-signal,Flow Confirm
system,LITE,2026-09-16T18:15:05.586Z,2026-09-16T18:55:05.828Z,-2.0375,sell-signal,Flow Confirm
system,ON,2026-09-16T18:45:17.862Z,2026-09-16T18:50:06.683Z,-0.4436,stop,Mean Reversion
system,ON,2026-09-16T18:45:06.502Z,2026-09-16T18:45:17.862Z,-0.1767,stop,Mean Reversion
system,CRDO,2026-09-16T18:35:05.724Z,2026-09-16T18:45:06.502Z,0.4292,sell-signal,Connors RSI(2)
system,CRCL,2026-09-16T14:15:06.611Z,2026-09-16T18:35:05.724Z,0.9803,trailing-stop,Mean Reversion
system,NBIS,2026-09-16T18:10:06.265Z,2026-09-16T18:25:06.337Z,-1.2580,sell-signal,EMA Pullback Swing
system,LITE,2026-09-16T17:55:09.961Z,2026-09-16T18:15:05.586Z,0.6833,trailing-stop,Flow Confirm
system,AXTI,2026-09-16T17:50:14.077Z,2026-09-16T18:10:12.814Z,3.4000,target,EMA Reclaim Trend
system,FPS,2026-09-16T13:30:28.691Z,2026-09-16T18:05:10.879Z,6.7000,target,Trend Pulse
system,RIG,2026-09-15T19:50:11.678Z,2026-09-16T17:55:06.133Z,-2.9897,sell-signal,Flow Confirm
system,TWST,2026-09-16T14:55:10.520Z,2026-09-16T17:50:14.077Z,-2.3129,stop,EMA Reclaim Trend
system,CHDN,2026-09-16T16:35:10.090Z,2026-09-16T17:20:05.744Z,-0.2240,trailing-stop,Breakout Engine
system,CHDN,2026-09-16T16:35:10.090Z,2026-09-16T17:05:05.803Z,0.5720,partial-target,Breakout Engine
system,NBIS,2026-09-16T15:30:06.472Z,2026-09-16T16:35:06.477Z,-0.4060,sell-signal,EMA Pullback Swing
system,SEI,2026-09-16T16:05:09.640Z,2026-09-16T16:30:07.175Z,-0.0455,sell-signal,Connors RSI(2)
system,CRCL,2026-09-16T14:15:06.611Z,2026-09-16T16:20:06.858Z,3.0401,partial-target,Mean Reversion
system,CIFR,2026-09-16T13:50:06.577Z,2026-09-16T16:05:06.448Z,2.1610,sell-signal,Breakout Engine
system,QLYS,2026-09-15T18:00:46.882Z,2026-09-16T15:30:06.472Z,-1.9438,sell-signal,EMA Pullback Swing
system,LITE,2026-09-16T13:50:06.577Z,2026-09-16T15:10:15.945Z,0.4476,sell-signal,Flow Confirm
system,FPS,2026-09-16T13:30:28.691Z,2026-09-16T15:00:06.963Z,4.0200,partial-target,Trend Pulse
system,CRDO,2026-09-16T13:35:06.181Z,2026-09-16T14:55:07.567Z,2.6007,target,Breakout Engine
system,INTC,2026-09-16T13:35:06.181Z,2026-09-16T14:35:07.006Z,-0.9135,sell-signal,Flow Confirm
system,CAI,2026-09-16T14:00:07.066Z,2026-09-16T14:30:06.294Z,-2.2545,stop,EMA Reclaim Trend
system,COHR,2026-09-14T15:25:09.204Z,2026-09-16T14:15:06.611Z,4.5000,target,RSI Recovery
system,TWST,2026-09-16T13:45:06.382Z,2026-09-16T14:15:06.611Z,-2.2938,stop,Breakout Engine
system,SH,2026-09-16T13:30:28.691Z,2026-09-16T14:05:06.975Z,-0.0152,sell-signal,Connors RSI(2)
system,CAI,2026-09-15T19:15:17.105Z,2026-09-16T14:00:07.066Z,0.4565,trailing-stop,Donchian Swing
system,ILMN,2026-09-16T13:30:28.691Z,2026-09-16T14:00:07.066Z,1.5640,trailing-stop,Trend Pulse
system,CRDO,2026-09-16T13:35:06.181Z,2026-09-16T13:55:07.485Z,1.5604,partial-target,Breakout Engine
system,COHR,2026-09-14T15:25:09.204Z,2026-09-16T13:50:06.577Z,2.7000,partial-target,RSI Recovery
system,LITE,2026-09-14T15:35:07.776Z,2026-09-16T13:50:06.577Z,4.5000,target,RSI Recovery
system,TEM,2026-09-15T17:10:14.824Z,2026-09-16T13:50:06.577Z,6.7000,target,Flow Confirm
system,ILMN,2026-09-16T13:30:28.691Z,2026-09-16T13:45:06.382Z,4.0200,partial-target,Trend Pulse
system,FCEL,2026-09-16T13:40:06.388Z,2026-09-16T13:45:06.382Z,-1.8821,stop,Breakout Engine
system,LITE,2026-09-14T15:35:07.776Z,2026-09-16T13:40:06.388Z,2.7000,partial-target,RSI Recovery
system,SRRK,2026-09-15T18:40:12.840Z,2026-09-16T13:40:06.388Z,1.4499,trailing-stop,Relative Strength Leader
system,TEM,2026-09-15T17:10:14.824Z,2026-09-16T13:35:06.181Z,4.0200,partial-target,Flow Confirm
system,RVTY,2026-09-16T13:30:07.672Z,2026-09-16T13:35:06.181Z,0.8882,target,Breakout Engine
system,QRVO,2026-09-16T13:30:07.672Z,2026-09-16T13:35:06.181Z,-2.6400,stop,Breakout Engine
system,GLW,2026-09-14T15:00:11.220Z,2026-09-16T13:30:28.691Z,1.0476,sell-signal,Mean Reversion
system,SH,2026-09-15T14:55:10.877Z,2026-09-16T13:30:28.691Z,-0.3792,sell-signal,System Regime Hedge
system,PCOR,2026-09-15T18:35:09.512Z,2026-09-16T13:30:28.691Z,-2.8454,stop,Mean Reversion
system,DKS,2026-09-15T19:30:25.851Z,2026-09-16T13:30:28.691Z,0.5514,target,Mean Reversion
system,TENB,2026-09-15T15:55:10.714Z,2026-09-16T13:30:07.672Z,-1.9159,trailing-stop,EMA Pullback Swing
system,RVTY,2026-09-15T19:55:07.786Z,2026-09-16T13:30:07.672Z,0.4448,target,Breakout Engine
system,KRMN,2026-09-15T17:20:13.161Z,2026-09-15T19:55:07.786Z,0.9600,trailing-stop,Flow Confirm
system,QRVO,2026-09-15T18:40:12.840Z,2026-09-15T19:50:11.678Z,0.6819,sell-signal,Flow Confirm
system,SRRK,2026-09-15T18:40:12.840Z,2026-09-15T19:45:15.977Z,2.4000,partial-target,Relative Strength Leader
system,IBRX,2026-09-15T17:55:10.040Z,2026-09-15T19:30:25.851Z,1.1996,target,Mean Reversion
system,ILMN,2026-09-15T18:50:12.208Z,2026-09-15T19:15:17.105Z,0.1189,sell-signal,Connors RSI(2)
system,IBRX,2026-09-15T17:55:10.040Z,2026-09-15T19:00:41.336Z,0.7197,partial-target,Mean Reversion
system,FPS,2026-09-15T14:15:20.047Z,2026-09-15T18:50:12.208Z,-0.3745,trailing-stop,Relative Strength Leader
system,QRVO,2026-09-15T14:55:10.877Z,2026-09-15T18:40:12.840Z,0.5816,trailing-stop,EMA Reclaim Trend
system,RVTY,2026-09-15T18:15:15.677Z,2026-09-15T18:40:12.840Z,-0.4088,sell-signal,Flow Confirm
system,SWKS,2026-09-15T14:25:10.566Z,2026-09-15T18:35:09.512Z,1.2662,trailing-stop,Relative Strength Leader
system,ARWR,2026-09-15T17:02:19.215Z,2026-09-15T18:15:15.677Z,-1.1266,sell-signal,Flow Confirm
system,BOOT,2026-09-15T17:05:09.975Z,2026-09-15T18:00:46.882Z,1.4900,target,Mean Reversion
system,WING,2026-09-15T16:20:14.813Z,2026-09-15T17:55:10.040Z,1.0430,trailing-stop,Mean Reversion
system,HUBS,2026-09-15T14:00:50.896Z,2026-09-15T17:20:13.161Z,0.9902,trailing-stop,Flow Confirm
system,CRCL,2026-09-15T16:20:14.813Z,2026-09-15T17:10:14.824Z,-0.3254,sell-signal,Flow Confirm
system,BBWI,2026-09-15T16:15:20.671Z,2026-09-15T17:05:09.975Z,-0.0890,trailing-stop,Mean Reversion
system,RVTY,2026-09-15T13:50:14.923Z,2026-09-15T17:02:19.215Z,3.3960,sell-signal,Flow Confirm
system,BBWI,2026-09-15T16:15:20.671Z,2026-09-15T17:00:42.748Z,0.3699,partial-target,Mean Reversion
system,WING,2026-09-15T16:20:14.813Z,2026-09-15T16:55:10.416Z,2.1038,partial-target,Mean Reversion
system,SWKS,2026-09-15T14:25:10.566Z,2026-09-15T16:52:30.663Z,2.4000,partial-target,Relative Strength Leader
system,QRVO,2026-09-15T14:55:10.877Z,2026-09-15T16:50:12.977Z,2.0400,partial-target,EMA Reclaim Trend
system,RBLX,2026-09-15T13:30:25.148Z,2026-09-15T16:20:14.813Z,-1.7752,sell-signal,Flow Confirm
system,WING,2026-09-15T16:10:15.056Z,2026-09-15T16:20:14.813Z,-2.0243,stop,Mean Reversion
system,ETHA,2026-09-15T14:55:10.877Z,2026-09-15T16:15:20.671Z,0.4916,trailing-stop,Mean Reversion
system,WING,2026-09-15T15:40:14.248Z,2026-09-15T16:10:15.056Z,-1.8015,stop,Mean Reversion
system,HPE,2026-09-14T15:20:12.906Z,2026-09-15T15:55:10.714Z,0.6643,trailing-stop,RSI Recovery
system,MTSI,2026-09-14T14:00:06.794Z,2026-09-15T15:40:14.248Z,-3.7655,stop,Mean Reversion
system,ETHA,2026-09-15T14:55:10.877Z,2026-09-15T15:35:12.035Z,1.0790,partial-target,Mean Reversion
system,SOXQ,2026-09-15T13:35:09.804Z,2026-09-15T14:55:10.877Z,-0.9121,sell-signal,Breakout Engine
system,ST,2026-09-15T13:35:09.804Z,2026-09-15T14:55:10.877Z,-1.1552,sell-signal,Breakout Engine
system,ASND,2026-09-15T13:40:12.827Z,2026-09-15T14:55:10.877Z,-3.6094,stop,Mean Reversion
system,HPE,2026-09-14T15:20:12.906Z,2026-09-15T14:50:13.445Z,2.7000,partial-target,RSI Recovery
system,TEM,2026-09-15T13:55:10.670Z,2026-09-15T14:25:10.566Z,-1.6697,stop,Breakout Engine
system,ADBE,2026-09-11T17:00:42.970Z,2026-09-15T14:15:20.047Z,2.5444,sell-signal,Trend Pulse
system,HUBS,2026-09-15T13:30:11.712Z,2026-09-15T14:00:50.896Z,1.0597,trailing-stop,Flow Confirm
system,FPS,2026-09-15T13:40:12.827Z,2026-09-15T13:55:10.670Z,4.1518,target,Breakout Engine
system,FPS,2026-09-15T13:40:12.827Z,2026-09-15T13:50:14.923Z,2.4911,partial-target,Breakout Engine
system,QRVO,2026-09-14T14:50:07.849Z,2026-09-15T13:40:12.827Z,2.4126,sell-signal,Mean Reversion
system,TER,2026-09-15T13:30:11.712Z,2026-09-15T13:40:12.827Z,-2.2941,stop,Breakout Engine
system,MKSI,2026-09-15T13:30:11.712Z,2026-09-15T13:35:09.804Z,-1.1212,sell-signal,Breakout Engine
system,NVMI,2026-09-15T13:30:11.712Z,2026-09-15T13:35:09.804Z,-2.2164,stop,Breakout Engine
system,QLYS,2026-09-14T16:40:06.791Z,2026-09-15T13:30:25.148Z,-1.4306,sell-signal,EMA Pullback Swing
system,V,2026-09-11T16:52:16.364Z,2026-09-15T13:30:11.712Z,1.1859,sell-signal,EMA Pullback Swing
system,PANW,2026-09-14T14:10:09.828Z,2026-09-15T13:30:11.712Z,1.2192,trailing-stop,Donchian Swing
system,HUBS,2026-09-14T15:15:07.575Z,2026-09-15T13:30:11.712Z,-0.4548,trailing-stop,Flow Confirm
system,COIN,2026-09-14T16:30:08.779Z,2026-09-15T13:30:11.712Z,-3.7175,stop,Relative Strength Leader
system,ZS,2026-09-14T16:40:06.791Z,2026-09-15T13:30:11.712Z,-0.3836,trailing-stop,Flow Confirm
system,FDS,2026-09-14T16:35:09.033Z,2026-09-14T18:30:06.349Z,-2.3286,stop,EMA Reclaim Trend
system,RBLX,2026-09-14T15:30:08.685Z,2026-09-14T18:15:16.936Z,0.4760,sell-signal,Turtle 20 Breakout
system,TENB,2026-09-14T16:35:09.033Z,2026-09-14T16:40:06.791Z,-0.1330,sell-signal,EMA Pullback Swing
system,CRWD,2026-09-14T14:05:06.179Z,2026-09-14T16:35:09.033Z,3.4444,sell-signal,Breakout Engine
system,FDS,2026-09-14T15:00:45.894Z,2026-09-14T16:35:06.769Z,-0.0622,sell-signal,EMA Pullback Swing
system,VICR,2026-09-14T15:55:08.002Z,2026-09-14T16:35:06.769Z,-0.0570,trailing-stop,Breakout Engine
system,QLYS,2026-09-14T14:25:08.791Z,2026-09-14T16:30:08.779Z,3.5912,sell-signal,Flow Confirm
system,VICR,2026-09-14T15:55:08.002Z,2026-09-14T16:20:14.367Z,0.6817,partial-target,Breakout Engine
system,VICR,2026-09-14T15:30:08.685Z,2026-09-14T15:55:06.357Z,0.8677,sell-signal,Flow Confirm
system,QLYS,2026-09-14T14:25:08.791Z,2026-09-14T15:40:07.319Z,4.0200,partial-target,Flow Confirm
system,ON,2026-09-14T13:30:33.778Z,2026-09-14T15:30:08.685Z,-0.8414,sell-signal,Flow Confirm
system,SH,2026-09-14T14:25:08.791Z,2026-09-14T15:30:08.685Z,-0.1062,sell-signal,Breakout Engine
system,CRWD,2026-09-14T14:05:06.179Z,2026-09-14T15:20:08.927Z,3.4873,partial-target,Breakout Engine
system,VRT,2026-09-14T14:40:08.492Z,2026-09-14T15:15:07.575Z,-1.0457,sell-signal,Flow Confirm
system,HPQ,2026-09-11T14:45:06.399Z,2026-09-14T15:10:10.464Z,-7.0423,stop,Donchian Swing
system,ZS,2026-09-14T13:55:09.186Z,2026-09-14T15:10:10.464Z,4.8814,target,Breakout Engine
system,FPS,2026-09-14T13:30:33.778Z,2026-09-14T15:00:11.220Z,-3.9487,stop,Mean Reversion
system,FDS,2026-09-14T13:45:06.391Z,2026-09-14T15:00:11.220Z,0.7355,sell-signal,EMA Pullback Swing
system,QRVO,2026-09-11T13:45:17.497Z,2026-09-14T14:50:07.849Z,-7.2717,stop,Donchian Swing
system,ZS,2026-09-14T13:55:09.186Z,2026-09-14T14:50:07.849Z,2.9289,partial-target,Breakout Engine
system,SIMO,2026-09-14T13:30:33.778Z,2026-09-14T14:40:08.492Z,-4.1008,sell-signal,Flow Confirm
system,MXL,2026-09-14T13:40:18.025Z,2026-09-14T14:30:07.755Z,1.6160,trailing-stop,Mean Reversion
system,DELL,2026-09-14T13:30:33.778Z,2026-09-14T14:25:07.476Z,-2.2406,sell-signal,Flow Confirm
system,QLYS,2026-09-14T13:35:08.180Z,2026-09-14T14:25:07.476Z,3.2074,target,Breakout Engine
system,QLYS,2026-09-14T13:35:08.180Z,2026-09-14T14:15:07.234Z,1.9245,partial-target,Breakout Engine
system,CHTR,2026-09-10T18:05:08.325Z,2026-09-14T14:10:09.828Z,1.9778,trailing-stop,Trend Pulse
system,TENB,2026-09-14T13:40:06.533Z,2026-09-14T14:05:06.179Z,3.0906,target,Breakout Engine
system,VICR,2026-09-14T13:30:47.883Z,2026-09-14T14:00:06.794Z,1.4946,trailing-stop,Mean Reversion
system,M,2026-09-11T19:55:08.359Z,2026-09-14T13:55:06.729Z,1.8414,target,Breakout Engine
system,TENB,2026-09-14T13:40:06.533Z,2026-09-14T13:55:06.729Z,1.8543,partial-target,Breakout Engine
system,CDW,2026-09-14T13:30:47.883Z,2026-09-14T13:50:06.523Z,-0.4473,sell-signal,Connors RSI(2)
system,M,2026-09-11T19:55:08.359Z,2026-09-14T13:45:06.391Z,1.1048,partial-target,Breakout Engine
system,MXL,2026-09-14T13:40:06.533Z,2026-09-14T13:40:18.025Z,-0.3130,stop,Mean Reversion
system,MXL,2026-09-14T13:30:33.778Z,2026-09-14T13:40:06.533Z,0.7283,trailing-stop,Mean Reversion
system,TENB,2026-09-14T13:30:47.883Z,2026-09-14T13:40:06.533Z,1.9659,target,Breakout Engine
system,CHTR,2026-09-10T18:05:08.325Z,2026-09-14T13:35:08.180Z,4.0200,partial-target,Trend Pulse
system,AAPL,2026-09-11T16:25:08.594Z,2026-09-14T13:35:08.180Z,-0.5549,sell-signal,EMA Reclaim Trend
system,QLYS,2026-09-14T13:30:33.778Z,2026-09-14T13:35:08.180Z,1.1298,target,Breakout Engine
system,TENB,2026-09-14T13:30:47.883Z,2026-09-14T13:35:08.180Z,1.1795,partial-target,Breakout Engine
system,JPM,2026-09-11T16:35:09.542Z,2026-09-14T13:30:47.883Z,-0.4222,sell-signal,EMA Pullback Swing
system,BBWI,2026-09-11T19:00:08.207Z,2026-09-14T13:30:47.883Z,-1.7506,stop,Breakout Engine
system,FIX,2026-09-11T14:50:06.693Z,2026-09-14T13:30:33.778Z,-7.7482,stop,Donchian Swing
system,HPE,2026-09-11T15:25:08.149Z,2026-09-14T13:30:33.778Z,-5.7370,trailing-stop,Flow Confirm
system,KEEL,2026-09-11T16:10:05.338Z,2026-09-14T13:30:33.778Z,-10.3542,stop,Flow Confirm
system,ADBE,2026-09-11T17:00:42.970Z,2026-09-14T13:30:33.778Z,4.0200,partial-target,Trend Pulse
system,MXL,2026-09-11T17:50:05.646Z,2026-09-14T13:30:33.778Z,-10.0153,stop,Trend Pulse
system,NTAP,2026-09-11T18:40:05.314Z,2026-09-14T13:30:33.778Z,-2.5748,trailing-stop,Breakout Engine
system,IESC,2026-09-11T19:10:14.530Z,2026-09-14T13:30:33.778Z,-5.9586,sell-signal,EMA Pullback Swing
system,SMR,2026-09-11T19:40:12.801Z,2026-09-14T13:30:33.778Z,-5.3519,stop,Flow Confirm
system,CDW,2026-09-11T18:15:06.740Z,2026-09-11T19:55:08.236Z,-0.8175,sell-signal,Breakout Engine
system,NTAP,2026-09-11T18:40:05.314Z,2026-09-11T19:50:08.585Z,0.5435,partial-target,Breakout Engine
system,SMCI,2026-09-11T19:10:06.676Z,2026-09-11T19:40:08.967Z,-0.3115,sell-signal,Flow Confirm
system,SH,2026-09-11T13:35:09.470Z,2026-09-11T19:10:14.530Z,0.1687,sell-signal,Mean Reversion
system,SEI,2026-09-11T18:55:07.153Z,2026-09-11T19:10:06.676Z,-0.4574,sell-signal,Connors RSI(2)
system,FPS,2026-09-11T18:40:05.314Z,2026-09-11T19:00:08.207Z,0.3866,sell-signal,Connors RSI(2)
system,HUT,2026-09-11T18:05:09.208Z,2026-09-11T18:55:06.468Z,0.3148,sell-signal,Flow Confirm
system,OKLO,2026-09-11T13:35:09.470Z,2026-09-11T18:40:05.314Z,-3.0314,stop,Mean Reversion
system,SMTC,2026-09-11T18:20:07.511Z,2026-09-11T18:40:05.314Z,-0.1476,sell-signal,Connors RSI(2)
system,QLYS,2026-09-11T15:20:04.640Z,2026-09-11T18:20:07.511Z,1.1028,trailing-stop,Mean Reversion
system,CDW,2026-09-11T18:00:07.052Z,2026-09-11T18:15:06.740Z,0.9495,target,Breakout Engine
system,CDW,2026-09-11T18:00:07.052Z,2026-09-11T18:10:05.480Z,0.5697,partial-target,Breakout Engine
system,CLSK,2026-09-11T17:05:10.221Z,2026-09-11T18:05:09.529Z,-1.3345,sell-signal,Flow Confirm
system,SEI,2026-09-11T17:45:06.323Z,2026-09-11T18:00:07.052Z,0.3862,sell-signal,Connors RSI(2)
system,BBWI,2026-09-11T14:35:08.913Z,2026-09-11T17:50:05.646Z,0.9111,trailing-stop,EMA Reclaim Trend
system,SANM,2026-09-11T17:30:28.605Z,2026-09-11T17:45:06.323Z,0.0694,sell-signal,Connors RSI(2)
system,WING,2026-09-11T13:45:17.497Z,2026-09-11T17:30:28.605Z,6.7000,target,Trend Pulse
system,MXL,2026-09-11T15:15:07.275Z,2026-09-11T17:05:07.468Z,-0.2072,sell-signal,Flow Confirm
system,BBWI,2026-09-11T14:35:08.913Z,2026-09-11T17:00:08.636Z,2.0400,partial-target,EMA Reclaim Trend
system,HUT,2026-09-11T16:52:16.364Z,2026-09-11T17:00:08.636Z,0.5566,sell-signal,Connors RSI(2)
system,HUT,2026-09-10T17:45:03.675Z,2026-09-11T16:52:16.364Z,9.5178,sell-signal,Turtle 20 Breakout
system,VICR,2026-09-11T15:25:08.149Z,2026-09-11T16:52:16.364Z,-0.8347,sell-signal,Breakout Engine
system,CSCO,2026-09-11T16:30:28.900Z,2026-09-11T16:35:06.230Z,0.0314,sell-signal,EMA Pullback Swing
system,STRL,2026-09-11T16:05:05.452Z,2026-09-11T16:30:07.433Z,-0.6387,sell-signal,Connors RSI(2)
system,FCX,2026-09-10T15:00:03.071Z,2026-09-11T16:25:06.524Z,0.9698,trailing-stop,EMA Pullback Swing
system,QLYS,2026-09-11T15:20:04.640Z,2026-09-11T16:15:21.006Z,1.7954,partial-target,Mean Reversion
system,BMNR,2026-09-11T15:50:05.059Z,2026-09-11T16:10:05.338Z,-1.1040,sell-signal,Connors RSI(2)
system,SWKS,2026-09-11T15:55:07.915Z,2026-09-11T16:05:05.452Z,0.6766,sell-signal,Connors RSI(2)
system,SWKS,2026-09-11T13:55:06.657Z,2026-09-11T15:55:04.684Z,1.1397,trailing-stop,Trend Pulse
system,SMCI,2026-09-11T14:35:08.913Z,2026-09-11T15:50:05.059Z,-1.7269,sell-signal,Flow Confirm
system,ARW,2026-09-11T15:00:07.394Z,2026-09-11T15:25:04.917Z,-0.3262,sell-signal,Flow Confirm
system,DELL,2026-09-11T15:10:06.872Z,2026-09-11T15:25:04.917Z,0.1269,sell-signal,Connors RSI(2)
system,CLS,2026-09-11T15:10:06.872Z,2026-09-11T15:20:04.640Z,0.0699,sell-signal,Connors RSI(2)
system,HPE,2026-09-11T13:45:17.497Z,2026-09-11T15:15:07.275Z,0.8897,trailing-stop,Breakout Engine
system,CLS,2026-09-11T14:45:06.399Z,2026-09-11T15:10:06.872Z,-1.3724,stop,Breakout Engine
system,WOLF,2026-09-11T14:55:10.126Z,2026-09-11T15:10:06.872Z,0.2243,sell-signal,Flow Confirm
system,ELV,2026-09-11T14:45:06.399Z,2026-09-11T15:00:07.394Z,0.2240,sell-signal,Connors RSI(2)
system,BE,2026-09-11T13:45:17.497Z,2026-09-11T14:55:10.160Z,-1.5227,sell-signal,Flow Confirm
system,BE,2026-09-11T13:45:17.497Z,2026-09-11T14:55:10.126Z,-1.5227,sell-signal,Flow Confirm
system,WING,2026-09-11T13:45:17.497Z,2026-09-11T14:50:06.693Z,4.0200,partial-target,Trend Pulse
system,ELV,2026-09-10T14:20:03.119Z,2026-09-11T14:45:06.399Z,1.5560,trailing-stop,Relative Strength Leader
system,SCCO,2026-09-11T13:40:06.997Z,2026-09-11T14:45:06.399Z,-1.2668,stop,Breakout Engine
system,MXL,2026-09-11T13:50:07.767Z,2026-09-11T14:45:06.399Z,-2.1224,sell-signal,Flow Confirm
system,BMNR,2026-09-11T14:00:44.191Z,2026-09-11T14:45:06.399Z,-1.5678,stop,Breakout Engine
system,TECK,2026-09-10T16:40:04.651Z,2026-09-11T14:35:07.343Z,0.7322,sell-signal,EMA Pullback Swing
system,BBWI,2026-09-11T14:00:08.731Z,2026-09-11T14:35:07.343Z,-0.9300,sell-signal,Flow Confirm
system,KEEL,2026-09-11T13:30:27.522Z,2026-09-11T14:00:44.191Z,1.4781,target,Breakout Engine
system,KEEL,2026-09-11T13:30:27.522Z,2026-09-11T14:00:08.731Z,0.8868,partial-target,Breakout Engine
system,HPE,2026-09-11T13:45:17.497Z,2026-09-11T14:00:08.731Z,2.4882,partial-target,Breakout Engine
system,SMR,2026-09-11T13:35:09.470Z,2026-09-11T13:55:05.383Z,-3.6905,stop,Mean Reversion
system,RDDT,2026-09-10T19:35:05.351Z,2026-09-11T13:50:07.767Z,0.1470,stop,Trend Pulse
system,MOH,2026-09-10T14:05:09.126Z,2026-09-11T13:45:14.575Z,-1.0216,stop,Trend Pulse
system,COO,2026-09-10T18:30:03.725Z,2026-09-11T13:45:14.575Z,-1.0191,stop,Turtle 20 Breakout
system,BKR,2026-09-11T13:30:27.522Z,2026-09-11T13:45:14.575Z,-1.1371,sell-signal,Breakout Engine
system,WING,2026-09-11T13:35:09.470Z,2026-09-11T13:45:14.575Z,-1.5933,stop,Flow Confirm
system,SCCO,2026-09-11T13:30:27.522Z,2026-09-11T13:40:06.997Z,0.5276,target,Breakout Engine
system,AVAV,2026-09-10T19:55:08.247Z,2026-09-11T13:35:09.470Z,-2.4413,stop,Connors RSI(2)
system,SH,2026-09-10T15:05:03.668Z,2026-09-11T13:35:08.128Z,-0.9004,sell-signal,EMA Reclaim Trend
system,BHP,2026-09-10T18:45:03.844Z,2026-09-11T13:35:08.128Z,1.0979,sell-signal,Flow Confirm
system,CHYM,2026-09-10T19:00:04.969Z,2026-09-11T13:35:08.128Z,0.2442,sell-signal,EMA Pullback Swing
system,RH,2026-09-10T19:00:04.969Z,2026-09-11T13:35:08.128Z,3.0048,target,Mean Reversion
system,SCCO,2026-09-11T13:30:27.522Z,2026-09-11T13:35:08.128Z,0.3165,partial-target,Breakout Engine
system,BKR,2026-09-10T14:10:04.483Z,2026-09-11T13:30:27.522Z,-0.9031,sell-signal,Mean Reversion
system,LECO,2026-09-10T17:40:03.677Z,2026-09-11T13:30:27.522Z,2.3608,sell-signal,Flow Confirm
system,RH,2026-09-10T19:00:04.969Z,2026-09-11T13:30:27.522Z,1.8029,partial-target,Mean Reversion
system,NAVN,2026-09-10T19:50:04.925Z,2026-09-11T13:30:27.522Z,1.4632,target,Breakout Engine
system,KEEL,2026-09-10T19:50:04.925Z,2026-09-10T19:55:05.007Z,-0.8584,sell-signal,Breakout Engine
system,LRCX,2026-09-10T14:25:08.451Z,2026-09-10T19:50:04.925Z,-2.0832,stop,RSI Recovery
system,QRVO,2026-09-10T19:40:04.757Z,2026-09-10T19:50:04.925Z,0.2794,sell-signal,Connors RSI(2)
system,QRVO,2026-09-10T16:05:05.556Z,2026-09-10T19:40:04.757Z,0.6696,sell-signal,Breakout Engine
system,LEN,2026-09-10T14:25:08.451Z,2026-09-10T19:35:05.351Z,0.5877,sell-signal,Mean Reversion
system,FPS,2026-09-10T16:50:04.195Z,2026-09-10T19:00:04.969Z,-1.1933,stop,Mean Reversion
system,AVAV,2026-09-10T18:40:03.854Z,2026-09-10T19:00:04.969Z,-0.2215,sell-signal,Connors RSI(2)
system,QRVO,2026-09-10T16:05:05.556Z,2026-09-10T18:55:04.425Z,1.9637,partial-target,Breakout Engine
system,SAM,2026-09-10T17:20:13.434Z,2026-09-10T18:45:03.844Z,0.9526,target,Breakout Engine
system,AVAV,2026-09-10T18:05:08.325Z,2026-09-10T18:40:03.854Z,-1.7964,sell-signal,Flow Confirm
system,ELV,2026-09-10T14:20:03.119Z,2026-09-10T18:30:03.725Z,2.4000,partial-target,Relative Strength Leader
system,RDW,2026-09-10T14:25:08.451Z,2026-09-10T18:30:03.725Z,-2.4219,stop,Turtle 20 Breakout
system,BBD,2026-09-10T17:50:03.863Z,2026-09-10T18:05:08.325Z,-0.0337,sell-signal,Connors RSI(2)
system,CNC,2026-09-10T17:45:03.675Z,2026-09-10T18:05:04.297Z,0.0381,sell-signal,Connors RSI(2)
system,BBD,2026-09-10T15:00:03.071Z,2026-09-10T17:50:03.863Z,-0.2717,stop,Turtle 20 Breakout
system,CNC,2026-09-10T14:00:45.260Z,2026-09-10T17:45:03.675Z,-1.9889,stop,Trend Pulse
system,XP,2026-09-10T15:25:03.245Z,2026-09-10T17:45:03.675Z,-0.6721,sell-signal,Breakout Engine
system,ACHC,2026-09-10T17:20:13.434Z,2026-09-10T17:40:03.677Z,-0.1754,sell-signal,Connors RSI(2)
system,SAM,2026-09-10T17:20:13.434Z,2026-09-10T17:35:04.004Z,0.5716,partial-target,Breakout Engine
system,ACHC,2026-09-10T13:55:09.279Z,2026-09-10T17:20:13.434Z,-2.8951,stop,Trend Pulse
system,SWKS,2026-09-10T16:00:03.429Z,2026-09-10T17:20:13.434Z,0.0841,stop,Breakout Engine
system,CIFR,2026-09-10T13:45:05.460Z,2026-09-10T16:50:04.195Z,2.4749,stop,Mean Reversion
system,RDDT,2026-09-10T14:35:03.382Z,2026-09-10T16:40:04.651Z,0.1367,sell-signal,Flow Confirm
system,HBM,2026-09-10T14:40:03.190Z,2026-09-10T16:05:05.556Z,-1.0227,sell-signal,Flow Confirm
system,SWKS,2026-09-10T15:40:03.497Z,2026-09-10T16:00:03.429Z,3.3313,target,Breakout Engine
system,SWKS,2026-09-10T15:40:03.497Z,2026-09-10T15:55:05.086Z,1.9988,partial-target,Breakout Engine
system,WOLF,2026-09-10T15:25:03.245Z,2026-09-10T15:40:03.497Z,-0.8037,sell-signal,Flow Confirm
system,RBRK,2026-09-10T13:50:04.595Z,2026-09-10T15:25:03.245Z,-2.5466,stop,Turtle 20 Breakout
system,AVAV,2026-09-10T13:50:04.595Z,2026-09-10T15:25:03.245Z,4.4863,sell-signal,Flow Confirm
system,SH,2026-09-10T13:30:05.794Z,2026-09-10T15:05:03.668Z,-0.1195,sell-signal,Breakout Engine
system,CMCSA,2026-09-09T18:35:06.359Z,2026-09-10T15:00:03.071Z,0.8073,trailing-stop,RSI Recovery
system,SETH,2026-09-10T13:40:04.153Z,2026-09-10T15:00:03.071Z,-1.0059,sell-signal,Turtle 20 Breakout
system,OSCR,2026-09-10T13:45:18.732Z,2026-09-10T14:40:03.190Z,-5.2077,sell-signal,Flow Confirm
system,META,2026-09-10T13:45:05.460Z,2026-09-10T14:35:03.382Z,1.0828,sell-signal,Flow Confirm
system,CIFR,2026-09-10T13:45:05.460Z,2026-09-10T14:25:08.451Z,4.1902,partial-target,Mean Reversion
system,AVAV,2026-09-10T13:50:04.595Z,2026-09-10T14:25:04.623Z,4.0200,partial-target,Flow Confirm
system,SMTC,2026-09-10T14:05:09.126Z,2026-09-10T14:25:04.623Z,2.1292,target,Mean Reversion
system,ELV,2026-09-10T13:35:08.569Z,2026-09-10T14:20:03.119Z,-1.5239,stop,Breakout Engine
system,HCA,2026-09-10T14:10:04.483Z,2026-09-10T14:20:03.119Z,0.2016,sell-signal,Connors RSI(2)
system,HCA,2026-09-09T19:55:04.551Z,2026-09-10T14:10:04.483Z,-1.4478,stop,Connors RSI(2)
system,MOH,2026-09-10T13:35:08.569Z,2026-09-10T14:05:04.675Z,-1.6648,stop,Breakout Engine
system,MXL,2026-09-10T13:45:18.732Z,2026-09-10T14:05:04.675Z,-0.3553,sell-signal,Connors RSI(2)
system,KRMN,2026-09-10T13:30:27.748Z,2026-09-10T14:00:45.260Z,3.9542,target,Mean Reversion
system,BTDR,2026-09-10T13:45:05.460Z,2026-09-10T13:55:09.279Z,-0.6071,stop,Mean Reversion
system,GLW,2026-09-10T13:30:27.748Z,2026-09-10T13:50:04.595Z,0.5582,sell-signal,Connors RSI(2)
system,META,2026-09-09T18:45:05.768Z,2026-09-10T13:45:05.460Z,-0.8464,stop,Flow Confirm
system,AGX,2026-09-09T19:55:04.551Z,2026-09-10T13:45:05.460Z,-0.3475,sell-signal,Flow Confirm
system,GRAB,2026-09-10T13:30:27.748Z,2026-09-10T13:45:05.460Z,-0.3355,stop,Flow Confirm
system,CIFR,2026-09-10T13:35:08.569Z,2026-09-10T13:45:05.460Z,-1.7482,stop,Mean Reversion
system,BTDR,2026-09-10T13:40:04.153Z,2026-09-10T13:45:05.460Z,-1.7469,stop,Mean Reversion
system,BKNG,2026-09-09T13:55:08.759Z,2026-09-10T13:40:04.153Z,2.0113,sell-signal,Mean Reversion
system,OSCR,2026-09-09T15:00:06.625Z,2026-09-10T13:40:04.153Z,4.5000,target,RSI Recovery
system,KRMN,2026-09-10T13:30:27.748Z,2026-09-10T13:40:04.153Z,2.3725,partial-target,Mean Reversion
system,OSCR,2026-09-09T15:00:06.625Z,2026-09-10T13:35:04.582Z,2.7000,partial-target,RSI Recovery
system,DOCN,2026-09-10T13:30:05.794Z,2026-09-10T13:35:04.582Z,-1.0512,stop,Connors RSI(2)
system,CIFR,2026-09-10T13:30:05.794Z,2026-09-10T13:35:04.582Z,-1.9339,stop,Mean Reversion
system,CASY,2026-09-10T13:30:27.748Z,2026-09-10T13:35:04.582Z,0.8881,target,Breakout Engine
system,GLW,2026-09-08T16:40:15.249Z,2026-09-10T13:30:27.748Z,-1.7468,stop,EMA Reclaim Trend
system,GLXY,2026-09-09T19:15:05.281Z,2026-09-10T13:30:27.748Z,-3.7683,stop,Flow Confirm
system,DDOG,2026-09-09T19:45:04.357Z,2026-09-10T13:30:27.748Z,-1.5867,stop,Trend Pulse
system,MXL,2026-09-09T19:50:04.830Z,2026-09-10T13:30:27.748Z,-4.4138,stop,EMA Reclaim Trend
system,WOLF,2026-09-09T19:55:04.551Z,2026-09-10T13:30:27.748Z,-3.3689,stop,Mean Reversion
system,AMKR,2026-09-08T18:35:07.415Z,2026-09-10T13:30:05.794Z,-3.1567,stop,Trend Pulse
system,CHYM,2026-09-09T15:00:06.625Z,2026-09-10T13:30:05.794Z,-0.0441,stop,EMA Reclaim Trend
system,MAZE,2026-09-09T17:25:07.991Z,2026-09-10T13:30:05.794Z,-1.2617,stop,Mean Reversion
system,DOCN,2026-09-09T19:00:04.284Z,2026-09-10T13:30:05.794Z,-2.6314,stop,Trend Pulse
system,FTAI,2026-09-09T19:55:04.551Z,2026-09-10T13:30:05.794Z,-1.8724,stop,Breakout Engine
system,HCA,2026-09-09T18:00:45.544Z,2026-09-09T19:55:04.551Z,0.2062,sell-signal,Turtle 20 Breakout
system,CHWY,2026-09-09T18:50:12.609Z,2026-09-09T19:55:04.551Z,-0.9660,stop,Mean Reversion
system,TTAN,2026-09-09T19:10:04.658Z,2026-09-09T19:55:04.551Z,-1.7684,stop,RSI Recovery
system,FTAI,2026-09-09T19:50:13.914Z,2026-09-09T19:55:04.551Z,0.2673,target,Breakout Engine
system,SEI,2026-09-09T19:40:47.920Z,2026-09-09T19:50:13.914Z,0.5291,sell-signal,Connors RSI(2)
system,NET,2026-09-09T19:45:04.357Z,2026-09-09T19:50:04.830Z,0.6490,sell-signal,Connors RSI(2)
system,NET,2026-09-09T17:15:04.019Z,2026-09-09T19:45:04.357Z,-0.1118,stop,EMA Reclaim Trend
system,CASY,2026-09-09T18:10:06.046Z,2026-09-09T19:45:04.357Z,-0.0144,stop,Flow Confirm
system,CHYM,2026-09-09T15:00:06.625Z,2026-09-09T19:40:04.445Z,2.0400,partial-target,EMA Reclaim Trend
system,FICO,2026-09-09T19:25:07.588Z,2026-09-09T19:40:04.445Z,0.0797,sell-signal,Connors RSI(2)
system,FICO,2026-09-09T18:35:06.359Z,2026-09-09T19:25:06.329Z,-0.8553,stop,Trend Pulse
system,SUNB,2026-09-09T18:25:04.886Z,2026-09-09T19:15:05.281Z,-1.2086,stop,Flow Confirm
system,GRAB,2026-09-09T17:30:04.388Z,2026-09-09T19:00:37.850Z,-1.4730,stop,RSI Recovery
system,MRVL,2026-09-09T14:35:04.620Z,2026-09-09T19:00:04.284Z,-1.2984,stop,Trend Pulse
system,XP,2026-09-09T14:30:06.565Z,2026-09-09T18:50:12.609Z,-0.4426,stop,Mean Reversion
system,HPE,2026-09-09T13:30:28.916Z,2026-09-09T18:45:05.768Z,0.9930,stop,Flow Confirm
system,SEI,2026-09-09T17:25:07.991Z,2026-09-09T18:35:06.668Z,0.3263,stop,Trend Pulse
system,PINS,2026-09-09T17:30:04.388Z,2026-09-09T18:35:06.668Z,-1.3804,stop,RSI Recovery
system,DELL,2026-09-09T18:15:05.441Z,2026-09-09T18:25:04.886Z,0.2326,sell-signal,Connors RSI(2)
system,DELL,2026-09-09T14:25:08.746Z,2026-09-09T18:15:05.441Z,-3.2948,stop,Flow Confirm
system,ALAB,2026-09-09T14:25:08.746Z,2026-09-09T18:10:06.046Z,-0.8410,stop,Flow Confirm
system,SUNB,2026-09-09T17:50:11.948Z,2026-09-09T18:00:45.544Z,0.3583,sell-signal,Connors RSI(2)
system,SMTC,2026-09-09T17:35:08.828Z,2026-09-09T17:45:04.191Z,0.1157,sell-signal,Connors RSI(2)
system,SMTC,2026-09-08T16:20:15.949Z,2026-09-09T17:35:08.828Z,3.4420,stop,Donchian Swing
system,CLS,2026-09-09T17:05:07.457Z,2026-09-09T17:30:04.388Z,0.2183,sell-signal,Connors RSI(2)
system,TNGX,2026-09-09T17:15:04.019Z,2026-09-09T17:30:04.388Z,-0.0210,sell-signal,Connors RSI(2)
system,KRMN,2026-09-09T15:00:06.625Z,2026-09-09T17:25:04.132Z,-0.5412,stop,Mean Reversion
system,DOCN,2026-09-09T17:10:11.864Z,2026-09-09T17:25:04.132Z,0.4608,sell-signal,Connors RSI(2)
system,TTAN,2026-09-09T16:40:12.812Z,2026-09-09T17:15:04.019Z,-1.3009,stop,RSI Recovery
system,DOCN,2026-09-08T16:45:19.642Z,2026-09-09T17:10:07.884Z,9.7579,stop,EMA Pullback Swing
system,TNGX,2026-09-09T16:25:03.894Z,2026-09-09T17:10:07.884Z,-0.7917,stop,EMA Reclaim Trend
system,CLS,2026-09-08T18:00:45.464Z,2026-09-09T17:05:04.290Z,2.0570,stop,Trend Pulse
system,NET,2026-09-09T16:20:05.748Z,2026-09-09T16:35:03.985Z,0.4301,sell-signal,Connors RSI(2)
system,SUNB,2026-09-09T16:15:05.648Z,2026-09-09T16:25:03.894Z,0.1372,sell-signal,Connors RSI(2)
system,NET,2026-09-09T13:55:08.759Z,2026-09-09T16:20:05.748Z,0.9431,stop,Turtle 20 Breakout
system,SUNB,2026-09-09T15:25:09.881Z,2026-09-09T16:15:05.648Z,-0.6673,sell-signal,Turtle 20 Breakout
system,SUNB,2026-09-09T13:35:08.034Z,2026-09-09T15:25:09.881Z,3.6800,target,Breakout Engine
system,KRMN,2026-09-09T14:00:46.194Z,2026-09-09T15:00:06.625Z,-2.0993,stop,Mean Reversion
system,FCEL,2026-09-09T14:30:06.565Z,2026-09-09T15:00:06.625Z,-0.5914,sell-signal,Connors RSI(2)
system,TNGX,2026-09-09T14:40:06.267Z,2026-09-09T15:00:06.625Z,-0.2295,sell-signal,Connors RSI(2)
system,CHYM,2026-09-09T13:45:04.708Z,2026-09-09T14:40:06.267Z,-1.4899,stop,Breakout Engine
system,MTRN,2026-09-09T14:20:05.613Z,2026-09-09T14:35:04.620Z,0.8241,sell-signal,Connors RSI(2)
system,HWM,2026-09-09T13:35:08.034Z,2026-09-09T14:30:06.565Z,2.2386,target,Mean Reversion
system,FRMI,2026-09-09T14:25:08.746Z,2026-09-09T14:30:06.565Z,0.7319,sell-signal,Connors RSI(2)
system,CLSK,2026-09-08T19:30:03.066Z,2026-09-09T14:25:04.885Z,-1.6477,sell-signal,Flow Confirm
system,LGN,2026-09-09T13:40:14.552Z,2026-09-09T14:25:04.885Z,-2.7922,sell-signal,Trend Pulse
system,MANE,2026-09-09T13:40:14.552Z,2026-09-09T14:25:04.885Z,-2.7022,sell-signal,Flow Confirm
system,MRVL,2026-09-09T14:05:08.846Z,2026-09-09T14:20:05.613Z,-1.5595,stop,Breakout Engine
system,SIMO,2026-09-09T13:35:08.034Z,2026-09-09T14:05:06.227Z,0.9555,target,Breakout Engine
system,HWM,2026-09-09T13:35:08.034Z,2026-09-09T14:00:46.194Z,1.3432,partial-target,Mean Reversion
system,KRMN,2026-09-09T13:55:08.759Z,2026-09-09T14:00:46.194Z,-0.0400,trailing-stop,Mean Reversion
system,SIMO,2026-09-09T13:35:08.034Z,2026-09-09T14:00:06.960Z,0.5733,partial-target,Breakout Engine
system,FCEL,2026-09-09T13:40:04.936Z,2026-09-09T13:55:05.617Z,0.6512,sell-signal,Connors RSI(2)
system,TTAN,2026-09-09T13:40:14.552Z,2026-09-09T13:55:05.617Z,-3.7814,stop,Mean Reversion
system,CASY,2026-09-09T13:45:04.708Z,2026-09-09T13:55:05.617Z,-1.7873,stop,Mean Reversion
system,NVS,2026-09-08T15:50:06.036Z,2026-09-09T13:45:04.708Z,0.6581,sell-signal,Mean Reversion
system,WULF,2026-09-09T13:30:09.031Z,2026-09-09T13:45:04.708Z,-1.2771,sell-signal,Breakout Engine
system,BE,2026-09-09T13:30:09.031Z,2026-09-09T13:40:14.552Z,1.8931,sell-signal,Connors RSI(2)
system,INTC,2026-09-09T13:30:28.916Z,2026-09-09T13:40:14.552Z,0.8362,sell-signal,Connors RSI(2)
system,SUNB,2026-09-09T13:35:08.034Z,2026-09-09T13:40:14.552Z,2.2080,partial-target,Breakout Engine
system,IT,2026-09-09T13:30:28.916Z,2026-09-09T13:40:04.936Z,-0.5754,stop,Mean Reversion
system,HWM,2026-09-08T19:45:04.487Z,2026-09-09T13:35:04.768Z,-2.1044,stop,Mean Reversion
system,VIAV,2026-09-08T19:52:48.553Z,2026-09-09T13:35:04.768Z,3.1307,sell-signal,Connors RSI(2)
system,SHOP,2026-09-09T13:30:09.031Z,2026-09-09T13:35:04.768Z,-4.1123,stop,Breakout Engine
system,CIFR,2026-09-08T17:10:11.009Z,2026-09-09T13:30:28.916Z,-4.2111,sell-signal,Trend Pulse
system,FRMI,2026-09-08T19:55:07.714Z,2026-09-09T13:30:28.916Z,-1.5554,stop,Mean Reversion
system,BE,2026-09-08T14:45:06.009Z,2026-09-09T13:30:09.031Z,-0.1860,trailing-stop,Donchian Swing
system,COHR,2026-09-08T16:40:15.249Z,2026-09-09T13:30:09.031Z,-1.9273,sell-signal,EMA Reclaim Trend
system,FRMI,2026-09-08T19:55:07.714Z,2026-09-09T13:30:09.031Z,0.7878,partial-target,Mean Reversion
system,APLD,2026-09-08T19:55:07.714Z,2026-09-09T13:30:09.031Z,1.5082,sell-signal,Connors RSI(2)
system,INTC,2026-09-08T15:10:05.763Z,2026-09-08T19:55:03.990Z,0.9517,trailing-stop,Flow Confirm
system,SEI,2026-09-08T19:40:03.227Z,2026-09-08T19:55:03.990Z,-0.0549,sell-signal,Connors RSI(2)
system,NBIS,2026-09-08T19:40:12.438Z,2026-09-08T19:55:03.990Z,0.0761,sell-signal,Connors RSI(2)
system,FCEL,2026-09-08T19:52:48.553Z,2026-09-08T19:55:03.990Z,-0.6711,sell-signal,EMA Pullback Swing
system,NRG,2026-09-08T14:10:04.911Z,2026-09-08T19:52:48.553Z,0.7853,trailing-stop,EMA Reclaim Trend
system,FRMI,2026-09-08T19:35:03.089Z,2026-09-08T19:52:48.553Z,-0.2588,sell-signal,Connors RSI(2)
system,EXPE,2026-09-08T19:30:03.066Z,2026-09-08T19:45:04.487Z,0.7290,target,Mean Reversion
system,FCEL,2026-09-08T18:10:03.825Z,2026-09-08T19:40:12.438Z,0.1392,sell-signal,EMA Pullback Swing
system,DOCS,2026-09-08T19:10:03.411Z,2026-09-08T19:40:03.227Z,0.4163,target,Mean Reversion
system,KEEL,2026-09-08T14:00:06.671Z,2026-09-08T19:35:09.023Z,2.4496,trailing-stop,Donchian Swing
system,EXPE,2026-09-08T19:30:03.066Z,2026-09-08T19:35:09.023Z,0.4374,partial-target,Mean Reversion
system,APLD,2026-09-08T19:15:02.877Z,2026-09-08T19:30:03.066Z,0.0694,sell-signal,Connors RSI(2)
system,WULF,2026-09-08T19:15:02.877Z,2026-09-08T19:30:03.066Z,0.5587,sell-signal,Connors RSI(2)
system,SEI,2026-09-08T17:45:05.130Z,2026-09-08T19:15:02.877Z,0.1093,sell-signal,Flow Confirm
system,STX,2026-09-08T19:05:03.328Z,2026-09-08T19:15:02.877Z,0.2141,sell-signal,Connors RSI(2)
system,VIAV,2026-09-08T16:40:15.249Z,2026-09-08T19:10:03.411Z,3.3201,sell-signal,Flow Confirm
system,SMR,2026-09-08T18:55:04.607Z,2026-09-08T19:05:03.328Z,0.0897,sell-signal,Connors RSI(2)
system,LGN,2026-09-08T16:35:10.530Z,2026-09-08T18:55:04.607Z,0.9091,trailing-stop,Relative Strength Leader
system,KVYO,2026-09-08T13:35:08.449Z,2026-09-08T18:35:04.591Z,-0.5000,stop,Mean Reversion
system,NRG,2026-09-08T14:10:04.911Z,2026-09-08T18:25:04.197Z,2.0400,partial-target,EMA Reclaim Trend
system,ROIV,2026-09-08T13:40:08.301Z,2026-09-08T18:10:03.825Z,4.4886,sell-signal,Breakout Engine
system,APLD,2026-09-08T14:00:06.671Z,2026-09-08T18:00:45.464Z,2.4366,sell-signal,Turtle 20 Breakout
system,LITE,2026-09-08T14:35:08.099Z,2026-09-08T17:45:05.130Z,1.5759,sell-signal,Flow Confirm
system,GWRE,2026-09-08T16:10:09.944Z,2026-09-08T17:10:11.009Z,1.3275,target,Mean Reversion
system,GWRE,2026-09-08T16:10:09.944Z,2026-09-08T16:55:10.464Z,0.7965,partial-target,Mean Reversion
system,SEI,2026-09-08T16:15:08.750Z,2026-09-08T16:45:19.642Z,-0.2834,sell-signal,Connors RSI(2)
system,CRWV,2026-09-08T15:30:07.344Z,2026-09-08T16:40:15.249Z,1.2048,sell-signal,Flow Confirm
system,IONQ,2026-09-08T16:20:15.949Z,2026-09-08T16:40:15.249Z,-0.1049,sell-signal,Connors RSI(2)
system,QBTS,2026-09-08T16:25:08.092Z,2026-09-08T16:40:15.249Z,-0.1117,sell-signal,Connors RSI(2)
system,FCEL,2026-09-08T15:20:05.882Z,2026-09-08T16:35:10.530Z,3.5097,sell-signal,EMA Pullback Swing
system,COHR,2026-09-08T16:00:09.189Z,2026-09-08T16:25:08.092Z,-0.4452,sell-signal,Connors RSI(2)
system,AAOI,2026-09-08T14:10:04.911Z,2026-09-08T16:20:15.949Z,1.7339,trailing-stop,Trend Pulse
system,QBTS,2026-09-08T14:30:06.425Z,2026-09-08T16:20:15.949Z,0.3908,trailing-stop,Trend Pulse
system,IONQ,2026-09-08T14:10:14.035Z,2026-09-08T16:15:08.750Z,0.9335,trailing-stop,Trend Pulse
system,VIAV,2026-09-08T14:55:06.862Z,2026-09-08T16:10:09.944Z,-0.0401,sell-signal,Turtle 20 Breakout
system,UNH,2026-09-04T19:05:07.800Z,2026-09-08T16:00:09.189Z,0.1804,target,Mean Reversion
system,BEAM,2026-09-08T13:35:08.449Z,2026-09-08T15:50:06.036Z,0.9981,trailing-stop,Mean Reversion
system,CRWV,2026-09-08T14:15:05.443Z,2026-09-08T15:30:07.344Z,6.7000,target,Flow Confirm
system,ROIV,2026-09-08T13:40:08.301Z,2026-09-08T15:20:05.882Z,4.1797,partial-target,Breakout Engine
system,SMR,2026-09-08T13:45:05.461Z,2026-09-08T15:20:05.882Z,5.2892,target,Breakout Engine
system,CRWV,2026-09-08T14:15:05.443Z,2026-09-08T15:15:06.392Z,4.0200,partial-target,Flow Confirm
system,SMTC,2026-09-08T14:30:06.425Z,2026-09-08T15:10:05.763Z,0.8772,trailing-stop,Turtle 20 Breakout
system,COHR,2026-09-08T14:00:06.671Z,2026-09-08T14:55:05.191Z,4.0386,target,Breakout Engine
system,AAOI,2026-09-08T14:10:04.911Z,2026-09-08T14:55:05.191Z,4.0200,partial-target,Trend Pulse
system,BE,2026-09-08T13:55:08.266Z,2026-09-08T14:45:06.009Z,-0.8733,sell-signal,Flow Confirm
system,RGTI,2026-09-08T13:45:05.461Z,2026-09-08T14:35:05.496Z,-2.8580,sell-signal,Flow Confirm
system,AXTI,2026-09-08T13:45:05.461Z,2026-09-08T14:30:06.425Z,6.7000,target,Trend Pulse
system,COHR,2026-09-08T14:00:06.671Z,2026-09-08T14:30:06.425Z,2.4232,partial-target,Breakout Engine
system,SMTC,2026-09-04T19:15:03.994Z,2026-09-08T14:15:05.443Z,6.7000,target,Flow Confirm
system,STRL,2026-09-04T14:15:06.519Z,2026-09-08T14:10:14.035Z,1.0664,trailing-stop,Trend Pulse
system,NRG,2026-09-04T17:50:11.917Z,2026-09-08T14:10:04.911Z,0.8898,trailing-stop,Trend Pulse
system,AXTI,2026-09-08T13:45:05.461Z,2026-09-08T14:05:08.534Z,4.0200,partial-target,Trend Pulse
system,SEI,2026-09-08T13:45:05.461Z,2026-09-08T14:00:06.671Z,-1.8896,stop,Breakout Engine
system,SMR,2026-09-08T13:45:05.461Z,2026-09-08T14:00:06.671Z,3.1735,partial-target,Breakout Engine
system,MRVL,2026-09-04T15:00:04.673Z,2026-09-08T13:55:05.402Z,1.2768,trailing-stop,Flow Confirm
system,ALAB,2026-09-08T13:35:08.449Z,2026-09-08T13:50:05.414Z,0.3283,sell-signal,Connors RSI(2)
system,TSEM,2026-09-04T15:55:07.366Z,2026-09-08T13:45:05.461Z,-1.7398,stop,Turtle 20 Breakout
system,UCTT,2026-09-04T18:00:04.813Z,2026-09-08T13:45:05.461Z,-0.0415,trailing-stop,EMA Reclaim Trend
system,SITM,2026-09-04T18:25:03.537Z,2026-09-08T13:45:05.461Z,2.0593,trailing-stop,Trend Pulse
system,WOLF,2026-09-04T19:50:03.789Z,2026-09-08T13:45:05.461Z,-1.8577,stop,EMA Reclaim Trend
system,AXTI,2026-09-04T19:55:03.182Z,2026-09-08T13:45:05.461Z,1.0810,trailing-stop,Flow Confirm
system,FORM,2026-09-08T13:30:06.955Z,2026-09-08T13:45:05.461Z,-0.0420,trailing-stop,Breakout Engine
system,QCOM,2026-09-08T13:35:08.449Z,2026-09-08T13:40:08.301Z,-3.4348,stop,Breakout Engine
system,SITM,2026-09-04T18:25:03.537Z,2026-09-08T13:35:06.071Z,4.0200,partial-target,Trend Pulse
system,SMCI,2026-09-04T19:09:53.088Z,2026-09-08T13:35:06.071Z,1.6890,target,Mean Reversion
system,ALAB,2026-09-04T19:35:07.651Z,2026-09-08T13:35:06.071Z,-3.9031,stop,EMA Pullback Swing
system,AXTI,2026-09-04T19:55:03.182Z,2026-09-08T13:35:06.071Z,4.0200,partial-target,Flow Confirm
system,MU,2026-09-08T13:30:06.955Z,2026-09-08T13:35:06.071Z,-1.5399,stop,Breakout Engine
system,KVYO,2026-09-08T13:30:06.955Z,2026-09-08T13:35:06.071Z,-1.9074,stop,Mean Reversion
system,FORM,2026-09-08T13:30:06.955Z,2026-09-08T13:35:06.071Z,1.5069,partial-target,Breakout Engine
system,SIMO,2026-09-08T13:30:25.315Z,2026-09-08T13:35:06.071Z,-1.6879,stop,Breakout Engine
system,TTMI,2026-09-04T14:15:06.519Z,2026-09-08T13:30:25.315Z,4.0000,target,Relative Strength Leader
system,UCTT,2026-09-04T18:00:04.813Z,2026-09-08T13:30:25.315Z,2.0400,partial-target,EMA Reclaim Trend
system,SMCI,2026-09-04T19:09:53.088Z,2026-09-08T13:30:25.315Z,1.0134,partial-target,Mean Reversion
system,SMTC,2026-09-04T19:15:03.994Z,2026-09-08T13:30:25.315Z,4.0200,partial-target,Flow Confirm
system,FORM,2026-09-04T16:00:04.230Z,2026-09-08T13:30:06.955Z,3.4000,target,EMA Reclaim Trend
system,ADBE,2026-09-04T18:30:03.975Z,2026-09-08T13:30:06.955Z,-1.9951,stop,EMA Pullback Swing
system,KVYO,2026-09-04T18:45:03.450Z,2026-09-08T13:30:06.955Z,-1.8979,stop,Mean Reversion
system,ADSK,2026-09-04T19:45:02.866Z,2026-09-04T19:55:03.182Z,-0.4953,sell-signal,Flow Confirm
system,FORM,2026-09-04T16:00:04.230Z,2026-09-04T19:50:03.789Z,2.0400,partial-target,EMA Reclaim Trend
system,PATH,2026-09-04T18:15:03.866Z,2026-09-04T19:45:02.866Z,-1.2077,stop,Flow Confirm
system,FIVE,2026-09-04T17:45:03.899Z,2026-09-04T19:35:03.779Z,-1.2978,stop,EMA Reclaim Trend
system,LULU,2026-09-04T19:05:07.800Z,2026-09-04T19:15:03.994Z,-0.3135,sell-signal,Flow Confirm
system,SMCI,2026-09-04T18:55:03.465Z,2026-09-04T19:09:53.088Z,-1.4636,stop,Mean Reversion
system,UNH,2026-09-03T18:55:07.717Z,2026-09-04T19:05:03.763Z,-1.2455,stop,Mean Reversion
system,WOLF,2026-09-04T18:15:03.866Z,2026-09-04T19:05:03.763Z,-0.6101,stop,Flow Confirm
system,COHR,2026-09-04T18:05:09.368Z,2026-09-04T18:55:03.465Z,0.1866,stop,Mean Reversion
system,ENTG,2026-09-04T18:25:03.537Z,2026-09-04T18:50:11.222Z,0.3924,sell-signal,EMA Pullback Swing
system,SMTC,2026-09-04T18:10:09.289Z,2026-09-04T18:45:03.450Z,0.7408,target,Mean Reversion
system,SMTC,2026-09-04T18:10:09.289Z,2026-09-04T18:40:04.638Z,0.4445,partial-target,Mean Reversion
system,TER,2026-09-04T18:15:03.866Z,2026-09-04T18:30:03.975Z,0.3773,sell-signal,EMA Pullback Swing
system,COHR,2026-09-04T18:05:09.368Z,2026-09-04T18:25:03.537Z,0.3662,partial-target,Mean Reversion
system,SIMO,2026-09-04T18:20:03.567Z,2026-09-04T18:25:03.537Z,0.5644,sell-signal,Connors RSI(2)
system,AXTI,2026-09-04T18:05:09.368Z,2026-09-04T18:20:03.567Z,0.1313,sell-signal,Connors RSI(2)
system,SIMO,2026-09-04T17:30:05.975Z,2026-09-04T18:15:03.866Z,-0.8646,sell-signal,EMA Pullback Swing
system,TRU,2026-09-04T17:50:11.917Z,2026-09-04T18:15:03.866Z,0.4058,sell-signal,Flow Confirm
system,RARE,2026-09-04T17:55:06.480Z,2026-09-04T18:15:03.866Z,-1.3216,stop,Flow Confirm
system,DIS,2026-09-04T14:00:43.093Z,2026-09-04T18:10:09.289Z,0.1797,sell-signal,Mean Reversion
system,SNPS,2026-09-04T14:40:03.220Z,2026-09-04T18:05:04.985Z,1.8082,stop,Mean Reversion
system,SMTC,2026-09-04T17:20:11.621Z,2026-09-04T18:00:04.813Z,-0.9037,sell-signal,Connors RSI(2)
system,UCTT,2026-09-04T17:50:11.917Z,2026-09-04T18:00:04.813Z,0.4026,sell-signal,Connors RSI(2)
system,ENTG,2026-09-04T17:55:06.480Z,2026-09-04T18:00:04.813Z,0.1341,sell-signal,Connors RSI(2)
system,SNDK,2026-09-04T15:05:03.855Z,2026-09-04T17:55:04.171Z,1.7914,sell-signal,Flow Confirm
system,AAOI,2026-09-04T17:35:04.459Z,2026-09-04T17:55:04.171Z,-0.0334,sell-signal,Connors RSI(2)
system,SITM,2026-09-04T14:20:04.268Z,2026-09-04T17:50:11.917Z,-0.7738,stop,Trend Pulse
system,UCTT,2026-09-04T15:35:08.429Z,2026-09-04T17:50:11.917Z,1.4293,stop,Flow Confirm
system,KLAC,2026-09-04T17:25:07.776Z,2026-09-04T17:50:11.917Z,-0.3973,sell-signal,Connors RSI(2)
system,COHR,2026-09-04T15:20:03.994Z,2026-09-04T17:45:03.899Z,-0.5988,stop,EMA Reclaim Trend
system,AAOI,2026-09-04T15:35:08.429Z,2026-09-04T17:35:04.459Z,-0.9886,stop,EMA Reclaim Trend
system,CAT,2026-09-03T15:10:03.082Z,2026-09-04T17:30:05.975Z,1.7646,stop,Trend Pulse
system,ALAB,2026-09-04T17:15:05.514Z,2026-09-04T17:25:05.056Z,0.4549,sell-signal,Connors RSI(2)
system,NVMI,2026-09-04T15:05:03.855Z,2026-09-04T17:20:07.560Z,-0.4933,stop,Donchian Swing
system,SMTC,2026-09-04T16:05:09.572Z,2026-09-04T17:15:05.514Z,-0.2805,stop,Turtle 20 Breakout
system,SNPS,2026-09-04T14:40:03.220Z,2026-09-04T16:10:04.725Z,2.3982,partial-target,Mean Reversion
system,TRU,2026-09-04T15:20:03.994Z,2026-09-04T16:05:09.572Z,1.0094,target,Breakout Engine
system,TRU,2026-09-04T15:20:03.994Z,2026-09-04T16:00:04.230Z,0.6056,partial-target,Breakout Engine
system,VICR,2026-09-04T14:35:07.770Z,2026-09-04T15:55:03.985Z,-1.6495,stop,Relative Strength Leader
system,UCTT,2026-09-04T14:20:04.268Z,2026-09-04T15:35:06.068Z,-0.4765,stop,Relative Strength Leader
system,AXTI,2026-09-04T14:20:04.268Z,2026-09-04T15:35:06.068Z,1.9426,stop,Flow Confirm
system,SIMO,2026-09-04T14:30:07.247Z,2026-09-04T15:35:06.068Z,0.6120,stop,Donchian Swing
system,CSCO,2026-09-03T16:05:07.686Z,2026-09-04T15:20:03.994Z,-0.1143,sell-signal,EMA Pullback Swing
system,APH,2026-09-04T13:30:07.237Z,2026-09-04T15:20:03.994Z,-0.0361,sell-signal,Breakout Engine
system,FIVE,2026-09-04T14:20:04.268Z,2026-09-04T15:05:03.855Z,-1.0118,stop,Donchian Swing
system,BMNR,2026-09-04T14:50:04.790Z,2026-09-04T15:05:03.855Z,0.4927,sell-signal,Connors RSI(2)
system,IOT,2026-09-04T14:45:04.140Z,2026-09-04T15:00:04.673Z,-1.3214,stop,EMA Reclaim Trend
system,ALAB,2026-09-04T14:25:07.653Z,2026-09-04T14:50:04.790Z,-0.4436,sell-signal,Flow Confirm
system,ONTO,2026-09-04T14:35:07.770Z,2026-09-04T14:45:04.140Z,0.3028,sell-signal,Connors RSI(2)
system,SNDK,2026-09-04T13:35:04.159Z,2026-09-04T14:40:03.220Z,3.2167,target,Breakout Engine
system,MSTR,2026-09-04T14:20:13.983Z,2026-09-04T14:35:04.236Z,1.0078,sell-signal,Flow Confirm
system,SNPS,2026-09-04T14:25:07.653Z,2026-09-04T14:35:04.236Z,-2.6093,stop,Mean Reversion
system,RARE,2026-09-04T13:40:43.600Z,2026-09-04T14:30:07.247Z,-0.1456,stop,Turtle 20 Breakout
system,PLTR,2026-09-04T13:30:26.130Z,2026-09-04T14:25:04.115Z,-2.1593,sell-signal,Connors RSI(2)
system,COHR,2026-09-04T13:50:03.633Z,2026-09-04T14:25:04.115Z,-0.8064,stop,Flow Confirm
system,MSTR,2026-09-04T13:30:26.130Z,2026-09-04T14:20:13.983Z,1.2020,stop,Flow Confirm
system,AVGO,2026-09-03T19:30:04.323Z,2026-09-04T14:20:04.268Z,-0.9853,stop,Trend Pulse
system,ALAB,2026-09-04T13:35:04.159Z,2026-09-04T14:20:04.268Z,4.5567,stop,Turtle 20 Breakout
system,TSLA,2026-09-04T13:50:03.633Z,2026-09-04T14:20:04.268Z,-0.9846,stop,Mean Reversion
system,SNDK,2026-09-04T13:35:04.159Z,2026-09-04T14:15:06.519Z,1.9300,partial-target,Breakout Engine
system,IOT,2026-09-04T14:10:04.338Z,2026-09-04T14:15:06.519Z,-1.4722,stop,Trend Pulse
system,IOT,2026-09-04T13:55:07.848Z,2026-09-04T14:10:04.338Z,-0.5776,stop,Trend Pulse
system,DIS,2026-09-03T19:50:10.667Z,2026-09-04T14:00:43.093Z,-1.3389,stop,Mean Reversion
system,BAC,2026-09-03T16:15:14.536Z,2026-09-04T13:55:07.848Z,-0.9223,stop,EMA Pullback Swing
system,IOT,2026-09-04T13:45:18.213Z,2026-09-04T13:55:03.398Z,-0.7541,stop,Relative Strength Leader
system,GLXY,2026-09-04T13:30:07.237Z,2026-09-04T13:50:03.633Z,0.6128,sell-signal,Connors RSI(2)
system,MARA,2026-09-04T13:30:07.237Z,2026-09-04T13:50:03.633Z,1.9581,sell-signal,Connors RSI(2)
system,KVYO,2026-09-04T13:40:12.328Z,2026-09-04T13:45:18.213Z,-0.9072,stop,Mean Reversion
system,NFLX,2026-09-03T13:30:04.537Z,2026-09-04T13:40:43.600Z,-1.4186,stop,Donchian Swing
system,META,2026-09-01T18:00:03.588Z,2026-09-04T13:40:12.328Z,3.9820,stop,Trend Pulse
system,AAPL,2026-09-03T16:45:18.479Z,2026-09-04T13:35:04.159Z,-0.7993,sell-signal,EMA Reclaim Trend
system,GOOGL,2026-09-03T19:25:06.945Z,2026-09-04T13:35:04.159Z,-0.4766,sell-signal,Flow Confirm
system,ABBV,2026-09-03T13:30:04.537Z,2026-09-04T13:30:26.130Z,-2.4598,stop,Donchian Swing
system,CRM,2026-09-03T13:30:04.537Z,2026-09-04T13:30:26.130Z,0.3011,stop,Donchian Swing
system,WMT,2026-09-02T17:05:07.971Z,2026-09-04T13:30:07.237Z,1.8689,sell-signal,EMA Reclaim Trend
system,AMZN,2026-09-03T13:45:02.871Z,2026-09-04T13:30:07.237Z,0.0762,sell-signal,Flow Confirm
system,PLTR,2026-09-03T15:30:03.193Z,2026-09-04T13:30:07.237Z,-2.0376,stop,EMA Pullback Swing
system,JNJ,2026-09-03T19:05:03.911Z,2026-09-04T13:30:07.237Z,-1.2230,stop,Flow Confirm
system,HD,2026-09-03T19:30:04.323Z,2026-09-03T19:50:10.667Z,0.2808,target,Mean Reversion
system,HD,2026-09-03T19:30:04.323Z,2026-09-03T19:50:03.771Z,0.1685,partial-target,Mean Reversion
system,XOM,2026-09-01T14:15:17.785Z,2026-09-03T19:30:04.323Z,0.0737,stop,Trend Pulse
system,PG,2026-09-03T18:05:07.951Z,2026-09-03T19:30:04.323Z,0.0071,stop,Mean Reversion
system,HD,2026-09-03T16:00:38.300Z,2026-09-03T19:25:04.630Z,-0.5129,sell-signal,Flow Confirm
system,PG,2026-09-03T18:05:07.951Z,2026-09-03T19:15:03.609Z,0.0999,partial-target,Mean Reversion
system,MSFT,2026-09-03T14:00:03.449Z,2026-09-03T19:05:03.911Z,0.1133,sell-signal,Flow Confirm
system,TSLA,2026-09-02T19:55:03.874Z,2026-09-03T18:55:03.858Z,6.8346,sell-signal,Turtle 20 Breakout
system,V,2026-09-03T17:00:05.158Z,2026-09-03T18:05:03.565Z,0.1659,target,Mean Reversion
system,V,2026-09-03T17:00:05.158Z,2026-09-03T17:55:03.558Z,0.0996,partial-target,Mean Reversion
system,V,2026-09-02T13:55:08.658Z,2026-09-03T17:00:05.158Z,-0.0781,sell-signal,Turtle 20 Breakout
system,WFC,2026-09-03T16:25:07.657Z,2026-09-03T16:45:18.479Z,0.2377,target,Mean Reversion
system,WFC,2026-09-03T16:25:07.657Z,2026-09-03T16:40:03.410Z,0.1426,partial-target,Mean Reversion
system,GS,2026-09-03T13:45:02.871Z,2026-09-03T16:25:03.452Z,0.4118,sell-signal,Breakout Engine
system,GOOGL,2026-09-03T16:10:03.334Z,2026-09-03T16:15:14.536Z,-0.1272,sell-signal,EMA Pullback Swing
system,JPM,2026-09-03T13:45:02.871Z,2026-09-03T16:10:03.334Z,0.3864,sell-signal,Breakout Engine
system,PEP,2026-09-03T13:40:02.868Z,2026-09-03T16:05:07.686Z,0.1756,trailing-stop,Mean Reversion
system,KO,2026-09-03T14:45:03.042Z,2026-09-03T16:00:38.300Z,0.1240,sell-signal,Flow Confirm
system,PEP,2026-09-03T13:40:02.868Z,2026-09-03T15:50:03.147Z,0.4036,partial-target,Mean Reversion
system,PG,2026-09-03T14:35:03.142Z,2026-09-03T15:30:03.193Z,0.3271,target,Mean Reversion
system,JPM,2026-09-03T13:45:02.871Z,2026-09-03T15:20:11.782Z,0.4450,partial-target,Breakout Engine
system,PLTR,2026-09-03T15:00:43.543Z,2026-09-03T15:10:03.082Z,0.4930,sell-signal,Connors RSI(2)
system,AMD,2026-09-03T13:35:06.466Z,2026-09-03T15:00:43.543Z,2.4094,target,Mean Reversion
system,WMT,2026-09-02T17:05:07.971Z,2026-09-03T15:00:03.056Z,2.0400,partial-target,EMA Reclaim Trend
system,PG,2026-09-03T14:35:03.142Z,2026-09-03T14:50:02.992Z,0.1963,partial-target,Mean Reversion
system,NVDA,2026-09-03T13:45:02.871Z,2026-09-03T14:45:03.042Z,-0.5841,sell-signal,Flow Confirm
system,QCOM,2026-09-03T13:50:12.094Z,2026-09-03T14:35:03.142Z,0.4382,trailing-stop,Mean Reversion
system,QCOM,2026-09-03T13:50:12.094Z,2026-09-03T14:30:03.092Z,1.0903,partial-target,Mean Reversion
system,AMD,2026-09-03T13:35:06.466Z,2026-09-03T14:20:03.139Z,1.4456,partial-target,Mean Reversion
system,CVX,2026-09-03T13:40:14.096Z,2026-09-03T14:00:03.449Z,-0.0353,trailing-stop,Breakout Engine
system,CVX,2026-09-03T13:40:14.096Z,2026-09-03T13:50:12.094Z,0.1538,partial-target,Breakout Engine
system,DIS,2026-09-02T14:00:03.532Z,2026-09-03T13:45:02.871Z,0.1986,sell-signal,EMA Pullback Swing
system,KO,2026-09-02T16:25:10.633Z,2026-09-03T13:45:02.871Z,-0.2028,sell-signal,EMA Pullback Swing
system,JPM,2026-09-03T13:30:26.781Z,2026-09-03T13:45:02.871Z,0.4681,target,Breakout Engine
system,GS,2026-09-03T13:35:06.466Z,2026-09-03T13:45:02.871Z,0.9671,target,Breakout Engine
system,BAC,2026-09-03T13:40:02.868Z,2026-09-03T13:40:14.096Z,-0.0720,sell-signal,Breakout Engine
system,NKE,2026-09-03T13:35:06.466Z,2026-09-03T13:40:02.868Z,-0.4159,sell-signal,Breakout Engine
system,GS,2026-09-03T13:35:06.466Z,2026-09-03T13:40:02.868Z,0.5803,partial-target,Breakout Engine
system,UNH,2026-09-01T15:20:18.289Z,2026-09-03T13:35:03.033Z,0.0341,stop,EMA Reclaim Trend
system,META,2026-09-01T18:00:03.588Z,2026-09-03T13:35:03.033Z,4.0200,partial-target,Trend Pulse
system,MU,2026-09-02T15:05:09.517Z,2026-09-03T13:35:03.033Z,-1.3938,trailing-stop,EMA Pullback Swing
system,QCOM,2026-09-02T15:35:07.854Z,2026-09-03T13:35:03.033Z,-1.1118,stop,Trend Pulse
system,WFC,2026-09-02T19:50:04.527Z,2026-09-03T13:35:03.033Z,0.6779,sell-signal,Connors RSI(2)
system,NOW,2026-09-02T15:35:07.854Z,2026-09-03T13:30:26.781Z,1.2503,target,Mean Reversion
system,PEP,2026-09-01T13:45:22.523Z,2026-09-03T13:30:04.537Z,-0.2312,sell-signal,EMA Reclaim Trend
system,GOOGL,2026-09-02T14:50:13.173Z,2026-09-03T13:30:04.537Z,0.8959,sell-signal,Flow Confirm
system,PLTR,2026-09-02T15:50:12.056Z,2026-09-03T13:30:04.537Z,2.3543,target,Mean Reversion
system,NFLX,2026-09-02T19:55:03.874Z,2026-09-03T13:30:04.537Z,0.3183,target,Breakout Engine
system,ADBE,2026-09-02T17:55:09.902Z,2026-09-02T19:55:03.874Z,-0.7005,sell-signal,Flow Confirm
system,ORCL,2026-09-02T18:35:10.838Z,2026-09-02T19:55:03.874Z,-0.2494,sell-signal,Flow Confirm
system,COST,2026-09-02T19:15:04.284Z,2026-09-02T19:50:04.527Z,0.6177,target,Mean Reversion
system,COST,2026-09-02T19:15:04.284Z,2026-09-02T19:45:03.902Z,0.3706,partial-target,Mean Reversion
system,BAC,2026-09-02T17:05:07.971Z,2026-09-02T19:15:04.284Z,0.3208,target,Mean Reversion
system,BAC,2026-09-02T17:05:07.971Z,2026-09-02T18:55:05.535Z,0.1925,partial-target,Mean Reversion
system,LLY,2026-09-02T15:05:09.517Z,2026-09-02T18:30:03.545Z,-0.7933,sell-signal,Flow Confirm
system,NVDA,2026-09-02T13:30:06.328Z,2026-09-02T17:55:09.902Z,2.7733,stop,Flow Confirm
system,PLTR,2026-09-02T15:50:12.056Z,2026-09-02T17:55:09.902Z,1.4126,partial-target,Mean Reversion
system,BAC,2026-09-02T16:05:11.609Z,2026-09-02T17:05:07.971Z,-0.2241,sell-signal,Connors RSI(2)
system,WFC,2026-09-02T16:35:06.969Z,2026-09-02T17:05:07.971Z,-0.0113,sell-signal,Connors RSI(2)
system,ABBV,2026-09-02T15:20:13.901Z,2026-09-02T16:35:06.969Z,0.3703,target,Mean Reversion
system,JPM,2026-09-02T14:50:13.173Z,2026-09-02T16:25:10.633Z,-1.6422,stop,EMA Pullback Swing
system,ABBV,2026-09-02T15:20:13.901Z,2026-09-02T16:25:10.633Z,0.2222,partial-target,Mean Reversion
system,BAC,2026-09-01T13:55:09.246Z,2026-09-02T16:05:11.609Z,0.4422,stop,EMA Reclaim Trend
system,NVDA,2026-09-02T13:30:06.328Z,2026-09-02T15:50:12.056Z,4.0200,partial-target,Flow Confirm
system,PLTR,2026-09-02T15:20:13.901Z,2026-09-02T15:50:12.056Z,-2.2216,stop,Mean Reversion
system,NOW,2026-09-02T14:25:10.696Z,2026-09-02T15:35:07.854Z,-1.2842,stop,Mean Reversion
system,GS,2026-09-02T14:25:10.696Z,2026-09-02T15:25:09.143Z,-1.1082,stop,Turtle 20 Breakout
system,PLTR,2026-09-02T14:25:10.696Z,2026-09-02T15:20:13.901Z,-1.6092,stop,Mean Reversion
system,LLY,2026-09-01T13:45:22.523Z,2026-09-02T15:05:09.517Z,-0.2366,stop,Trend Pulse
system,KO,2026-09-01T16:15:20.837Z,2026-09-02T15:05:09.517Z,0.4716,target,Mean Reversion
system,MU,2026-09-02T13:55:08.658Z,2026-09-02T15:05:09.517Z,0.7699,sell-signal,Flow Confirm
system,BAC,2026-09-01T13:55:09.246Z,2026-09-02T14:50:13.173Z,2.0400,partial-target,EMA Reclaim Trend
system,JNJ,2026-09-02T14:25:10.696Z,2026-09-02T14:50:13.173Z,-0.0928,sell-signal,Flow Confirm
system,JNJ,2026-08-28T16:10:21.545Z,2026-09-02T14:25:10.696Z,3.2853,stop,EMA Pullback Swing
system,WFC,2026-09-02T13:35:20.590Z,2026-09-02T14:25:10.696Z,0.9292,target,Breakout Engine
system,PLTR,2026-09-02T13:40:12.954Z,2026-09-02T14:25:10.696Z,-0.7526,stop,Mean Reversion
system,CRM,2026-09-02T13:40:12.954Z,2026-09-02T14:25:10.696Z,-2.0125,stop,Flow Confirm
system,CSCO,2026-09-02T13:55:08.658Z,2026-09-02T14:25:10.696Z,0.6833,target,Mean Reversion
system,NFLX,2026-09-02T13:50:15.096Z,2026-09-02T14:00:03.532Z,0.9335,target,Breakout Engine
system,GOOGL,2026-09-01T13:30:03.499Z,2026-09-02T13:55:08.658Z,0.2458,sell-signal,Mean Reversion
system,MU,2026-09-02T13:35:20.590Z,2026-09-02T13:55:08.658Z,-1.4294,stop,Flow Confirm
system,WFC,2026-09-02T13:35:20.590Z,2026-09-02T13:55:08.658Z,0.5575,partial-target,Breakout Engine
system,AMD,2026-09-02T13:40:12.954Z,2026-09-02T13:55:08.658Z,-1.4285,stop,Breakout Engine
system,NFLX,2026-09-02T13:50:15.096Z,2026-09-02T13:55:08.658Z,0.5601,partial-target,Breakout Engine
system,CSCO,2026-09-02T13:30:06.328Z,2026-09-02T13:50:15.096Z,-1.0700,sell-signal,Breakout Engine
system,ORCL,2026-09-01T14:20:16.789Z,2026-09-02T13:40:12.954Z,-0.5781,sell-signal,Mean Reversion
system,QCOM,2026-09-01T14:40:17.141Z,2026-09-02T13:40:12.954Z,1.0021,stop,RSI Recovery
system,TSLA,2026-09-02T13:35:20.590Z,2026-09-02T13:40:12.954Z,-1.2210,sell-signal,Breakout Engine
system,MSFT,2026-09-01T14:30:08.623Z,2026-09-02T13:35:20.590Z,-1.4163,sell-signal,Flow Confirm
system,AAPL,2026-09-02T13:30:06.328Z,2026-09-02T13:35:20.590Z,-0.5583,stop,Breakout Engine
system,V,2026-09-02T13:30:06.328Z,2026-09-02T13:35:20.590Z,0.3764,target,Breakout Engine
system,AAPL,2026-09-02T13:30:06.328Z,2026-09-02T13:30:34.302Z,0.2382,partial-target,Breakout Engine
system,NOW,2026-09-01T14:00:03.567Z,2026-09-02T13:30:06.328Z,-4.2985,stop,RSI Recovery
system,WMT,2026-09-01T17:20:27.225Z,2026-09-02T13:30:06.328Z,-0.2870,sell-signal,Flow Confirm
system,AMZN,2026-09-01T18:20:22.945Z,2026-09-02T13:30:06.328Z,-0.3919,sell-signal,EMA Pullback Swing
system,CAT,2026-09-01T18:35:15.134Z,2026-09-02T13:30:06.328Z,0.1352,sell-signal,Flow Confirm
system,CSCO,2026-09-01T17:15:30.467Z,2026-09-01T18:35:15.134Z,0.1053,sell-signal,Flow Confirm
system,DIS,2026-08-28T16:15:23.426Z,2026-09-01T18:20:22.945Z,-0.9110,stop,EMA Pullback Swing
system,MU,2026-09-01T17:25:10.849Z,2026-09-01T18:00:03.588Z,-0.2469,sell-signal,Connors RSI(2)
system,PG,2026-09-01T16:20:13.014Z,2026-09-01T17:25:10.849Z,-0.5738,sell-signal,Connors RSI(2)
system,CVX,2026-09-01T13:30:29.198Z,2026-09-01T17:20:27.225Z,0.3208,sell-signal,Flow Confirm
system,JPM,2026-09-01T15:35:15.574Z,2026-09-01T17:15:30.467Z,-0.5604,sell-signal,Flow Confirm
system,ABBV,2026-08-31T15:30:35.974Z,2026-09-01T16:20:13.014Z,0.9642,trailing-stop,EMA Pullback Swing
system,NKE,2026-09-01T15:00:07.062Z,2026-09-01T16:15:20.837Z,0.1586,trailing-stop,Mean Reversion
system,NKE,2026-09-01T15:00:07.062Z,2026-09-01T16:05:14.184Z,0.3391,partial-target,Mean Reversion
system,WFC,2026-09-01T14:20:16.789Z,2026-09-01T15:35:15.574Z,-0.9579,sell-signal,Flow Confirm
system,AAPL,2026-09-01T15:10:16.392Z,2026-09-01T15:15:27.459Z,0.1656,sell-signal,Connors RSI(2)
system,UNH,2026-09-01T14:55:11.274Z,2026-09-01T15:10:16.392Z,0.1724,sell-signal,Connors RSI(2)
system,PLTR,2026-09-01T13:30:03.499Z,2026-09-01T15:00:07.062Z,0.8769,trailing-stop,Mean Reversion
system,WMT,2026-08-28T14:25:52.144Z,2026-09-01T14:55:11.274Z,3.4000,target,EMA Reclaim Trend
system,KO,2026-09-01T13:30:03.499Z,2026-09-01T14:35:06.879Z,-0.6027,sell-signal,Breakout Engine
system,MU,2026-09-01T13:30:03.499Z,2026-09-01T14:30:08.623Z,-0.3523,sell-signal,Flow Confirm
system,AMZN,2026-08-31T19:55:11.981Z,2026-09-01T14:20:16.789Z,-2.4342,sell-signal,Flow Confirm
system,GS,2026-09-01T13:30:29.198Z,2026-09-01T14:20:16.789Z,2.1686,target,Mean Reversion
system,PLTR,2026-09-01T13:30:03.499Z,2026-09-01T14:15:17.785Z,1.3353,partial-target,Mean Reversion
system,UNH,2026-09-01T13:30:29.198Z,2026-09-01T14:15:17.785Z,0.8611,target,Breakout Engine
system,GS,2026-09-01T13:30:29.198Z,2026-09-01T14:10:15.747Z,1.3011,partial-target,Mean Reversion
system,TSLA,2026-08-31T19:55:11.981Z,2026-09-01T13:55:09.246Z,-2.5860,sell-signal,Trend Pulse
system,ADBE,2026-09-01T13:45:22.523Z,2026-09-01T13:55:09.246Z,-1.0325,sell-signal,Breakout Engine
system,PEP,2026-09-01T13:30:03.499Z,2026-09-01T13:45:22.523Z,-0.4708,sell-signal,Breakout Engine
system,NOW,2026-09-01T13:40:09.121Z,2026-09-01T13:45:22.523Z,0.8581,sell-signal,Connors RSI(2)
system,WFC,2026-08-31T19:50:16.593Z,2026-09-01T13:35:17.535Z,0.2776,sell-signal,Connors RSI(2)
system,UNH,2026-09-01T13:30:29.198Z,2026-09-01T13:35:17.535Z,0.5167,partial-target,Breakout Engine
system,UNH,2026-08-31T13:50:17.101Z,2026-09-01T13:30:29.198Z,0.5371,target,Mean Reversion
system,NOW,2026-08-31T16:00:54.230Z,2026-09-01T13:30:29.198Z,-0.3157,stop,Trend Pulse
system,CAT,2026-08-31T17:45:21.878Z,2026-09-01T13:30:29.198Z,-0.6690,stop,Turtle 20 Breakout
system,ORCL,2026-08-31T19:00:43.314Z,2026-09-01T13:30:29.198Z,-1.0045,stop,Flow Confirm
system,WMT,2026-08-28T14:25:52.144Z,2026-09-01T13:30:03.499Z,2.0400,partial-target,EMA Reclaim Trend
system,AVGO,2026-08-31T14:05:15.202Z,2026-09-01T13:30:03.499Z,-0.5564,stop,EMA Reclaim Trend
system,QCOM,2026-08-31T14:10:28.284Z,2026-09-01T13:30:03.499Z,1.4517,stop,Trend Pulse
system,ADBE,2026-08-31T15:15:32.978Z,2026-09-01T13:30:03.499Z,-0.3939,stop,Flow Confirm
system,PLTR,2026-08-31T19:50:16.593Z,2026-09-01T13:30:03.499Z,-1.5090,stop,Connors RSI(2)
system,GOOGL,2026-08-31T19:55:11.981Z,2026-09-01T13:30:03.499Z,-1.2636,sell-signal,Breakout Engine
system,CRM,2026-08-28T14:10:24.986Z,2026-08-31T19:55:11.981Z,0.1840,stop,Trend Pulse
system,MCD,2026-08-31T13:30:54.116Z,2026-08-31T19:55:11.981Z,-0.1095,sell-signal,EMA Reclaim Trend
system,MSFT,2026-08-31T15:01:00.839Z,2026-08-31T19:55:11.981Z,-0.9073,sell-signal,Flow Confirm
system,GOOGL,2026-08-31T14:15:27.184Z,2026-08-31T19:50:16.593Z,0.8038,sell-signal,Mean Reversion
system,AMZN,2026-08-31T18:25:19.765Z,2026-08-31T19:50:16.593Z,0.8372,target,Mean Reversion
system,AMZN,2026-08-31T18:25:19.765Z,2026-08-31T19:20:19.015Z,0.5023,partial-target,Mean Reversion
system,BAC,2026-08-31T18:40:16.758Z,2026-08-31T19:00:43.314Z,-0.0642,sell-signal,Connors RSI(2)
system,PEP,2026-08-31T15:20:26.318Z,2026-08-31T18:40:16.758Z,0.1106,sell-signal,Flow Confirm
system,AAPL,2026-08-31T15:30:35.974Z,2026-08-31T18:25:19.765Z,0.2618,target,Mean Reversion
system,AAPL,2026-08-31T15:30:35.974Z,2026-08-31T18:10:22.805Z,0.1571,partial-target,Mean Reversion
system,BAC,2026-08-31T17:30:30.715Z,2026-08-31T17:40:16.877Z,0.0403,sell-signal,Connors RSI(2)
system,LLY,2026-08-31T17:25:08.674Z,2026-08-31T17:30:30.715Z,-0.2300,sell-signal,Breakout Engine
system,NKE,2026-08-31T16:55:15.435Z,2026-08-31T17:15:22.469Z,-0.0765,sell-signal,Connors RSI(2)
system,MU,2026-08-31T16:35:16.179Z,2026-08-31T16:55:15.435Z,0.3203,target,Breakout Engine
system,PLTR,2026-08-31T15:00:53.806Z,2026-08-31T16:35:16.179Z,0.6000,target,Breakout Engine
system,PLTR,2026-08-31T15:00:53.806Z,2026-08-31T16:30:34.701Z,0.3600,partial-target,Breakout Engine
system,MU,2026-08-31T14:45:26.588Z,2026-08-31T16:00:54.230Z,-1.0414,stop,Trend Pulse
system,CVX,2026-08-31T15:00:53.806Z,2026-08-31T15:30:35.974Z,-0.2166,sell-signal,Connors RSI(2)
system,KO,2026-08-31T15:25:15.651Z,2026-08-31T15:30:35.974Z,0.0000,sell-signal,Breakout Engine
system,XOM,2026-08-31T15:10:28.639Z,2026-08-31T15:25:15.651Z,-0.0879,sell-signal,Connors RSI(2)
system,GS,2026-08-31T14:25:14.120Z,2026-08-31T15:20:26.318Z,0.1442,stop,Mean Reversion
system,HD,2026-08-28T16:10:21.545Z,2026-08-31T15:15:32.978Z,-0.4598,sell-signal,Flow Confirm
system,TSLA,2026-08-31T13:35:16.168Z,2026-08-31T15:10:28.639Z,3.6211,sell-signal,Flow Confirm
system,V,2026-08-31T14:30:34.054Z,2026-08-31T15:01:00.839Z,0.0957,sell-signal,Flow Confirm
system,CVX,2026-08-27T17:30:27.831Z,2026-08-31T15:00:53.806Z,2.9489,stop,EMA Pullback Swing
system,GS,2026-08-31T14:25:14.120Z,2026-08-31T15:00:53.806Z,0.2781,partial-target,Mean Reversion
system,BAC,2026-08-31T14:35:14.930Z,2026-08-31T14:40:22.473Z,0.2173,sell-signal,Connors RSI(2)
system,NKE,2026-08-31T13:35:16.168Z,2026-08-31T14:35:14.930Z,-1.0741,stop,Trend Pulse
system,CSCO,2026-08-28T19:15:28.995Z,2026-08-31T14:30:34.054Z,-0.0862,stop,Flow Confirm
system,CAT,2026-08-28T15:50:25.932Z,2026-08-31T14:25:14.120Z,-1.3696,stop,Mean Reversion
system,NVDA,2026-08-28T16:35:16.618Z,2026-08-31T14:15:27.184Z,-0.0113,sell-signal,Mean Reversion
system,GOOGL,2026-08-31T13:30:37.368Z,2026-08-31T14:10:28.284Z,-1.4594,stop,Connors RSI(2)
system,QCOM,2026-08-31T13:40:22.247Z,2026-08-31T14:10:28.284Z,0.4162,stop,Relative Strength Leader
system,NOW,2026-08-28T13:30:36.945Z,2026-08-31T14:05:15.202Z,4.3051,stop,Trend Pulse
system,AMZN,2026-08-31T13:45:24.765Z,2026-08-31T13:50:17.101Z,0.1626,sell-signal,Connors RSI(2)
system,ADBE,2026-08-31T13:30:37.368Z,2026-08-31T13:45:24.765Z,1.3696,sell-signal,Connors RSI(2)
system,PLTR,2026-08-31T13:30:37.368Z,2026-08-31T13:40:22.247Z,0.5911,sell-signal,Connors RSI(2)
system,MSFT,2026-08-27T14:40:17.703Z,2026-08-31T13:35:16.168Z,1.2954,stop,Trend Pulse
system,AAPL,2026-08-31T13:30:54.116Z,2026-08-31T13:35:16.168Z,-0.6981,sell-signal,EMA Reclaim Trend
system,ORCL,2026-08-27T13:30:29.161Z,2026-08-31T13:30:54.116Z,-1.8975,stop,Donchian Swing
system,AVGO,2026-08-28T19:55:13.075Z,2026-08-31T13:30:54.116Z,0.3083,target,Breakout Engine
system,BAC,2026-08-28T14:30:33.904Z,2026-08-31T13:30:37.368Z,0.6557,sell-signal,EMA Reclaim Trend
system,V,2026-08-28T14:30:53.344Z,2026-08-31T13:30:37.368Z,-0.3888,sell-signal,EMA Reclaim Trend
system,UNH,2026-08-28T18:30:30.223Z,2026-08-31T13:30:37.368Z,-0.1649,sell-signal,Flow Confirm
system,TSLA,2026-08-28T16:35:16.618Z,2026-08-28T19:55:13.075Z,0.6470,target,Mean Reversion
system,AVGO,2026-08-28T13:55:14.862Z,2026-08-28T19:15:28.995Z,-1.7556,sell-signal,Flow Confirm
system,LLY,2026-08-28T15:45:21.863Z,2026-08-28T18:30:30.223Z,-0.8035,sell-signal,Flow Confirm
system,NFLX,2026-08-28T16:25:14.156Z,2026-08-28T16:35:16.618Z,0.2390,sell-signal,Connors RSI(2)
system,NKE,2026-08-28T16:25:14.156Z,2026-08-28T16:35:16.618Z,0.1927,sell-signal,Connors RSI(2)
system,AAPL,2026-08-28T15:20:20.248Z,2026-08-28T16:25:14.156Z,-0.0950,sell-signal,Breakout Engine
system,AMZN,2026-08-28T15:40:20.611Z,2026-08-28T16:25:14.156Z,-0.9907,sell-signal,Breakout Engine
system,META,2026-08-28T15:50:54.598Z,2026-08-28T16:15:23.426Z,-0.3061,sell-signal,Connors RSI(2)
system,NFLX,2026-08-28T14:55:13.035Z,2026-08-28T16:10:21.545Z,-0.3768,sell-signal,Breakout Engine
system,INTC,2026-08-28T15:40:52.295Z,2026-08-28T16:10:21.545Z,-0.7861,sell-signal,Connors RSI(2)
system,AMD,2026-08-27T13:45:26.915Z,2026-08-28T15:50:54.598Z,-2.1887,stop,RSI Recovery
system,MU,2026-08-28T13:30:36.945Z,2026-08-28T15:50:25.932Z,1.5066,trailing-stop,Flow Confirm
system,META,2026-08-28T13:30:36.945Z,2026-08-28T15:45:21.863Z,0.9212,trailing-stop,Flow Confirm
system,AU,2026-08-28T14:15:25.691Z,2026-08-28T15:40:52.295Z,0.8890,trailing-stop,Mean Reversion
system,WFC,2026-08-28T14:15:25.691Z,2026-08-28T15:40:20.611Z,0.2539,trailing-stop,Breakout Engine
system,NOW,2026-08-28T13:30:36.945Z,2026-08-28T15:25:11.979Z,4.0200,partial-target,Trend Pulse
system,CSCO,2026-08-28T13:55:14.862Z,2026-08-28T15:20:20.248Z,0.5802,target,Mean Reversion
system,WFC,2026-08-28T14:15:25.691Z,2026-08-28T15:20:20.248Z,0.5028,partial-target,Breakout Engine
system,AU,2026-08-28T14:15:25.691Z,2026-08-28T14:55:13.035Z,1.5435,partial-target,Mean Reversion
system,NVDA,2026-08-28T14:15:25.691Z,2026-08-28T14:55:13.035Z,1.1119,target,Mean Reversion
system,CSCO,2026-08-28T13:55:14.862Z,2026-08-28T14:45:26.588Z,0.3481,partial-target,Mean Reversion
system,TSLA,2026-08-28T14:05:16.754Z,2026-08-28T14:30:53.344Z,-0.2009,sell-signal,Connors RSI(2)
system,JPM,2026-08-27T16:05:18.069Z,2026-08-28T14:30:33.904Z,-0.1605,sell-signal,EMA Pullback Swing
system,NVDA,2026-08-28T14:15:25.691Z,2026-08-28T14:25:52.144Z,0.6671,partial-target,Mean Reversion
system,LLY,2026-08-28T13:35:13.809Z,2026-08-28T14:15:25.691Z,0.6939,target,Mean Reversion
system,INTC,2026-08-28T13:55:14.862Z,2026-08-28T14:15:25.691Z,-1.3832,stop,Breakout Engine
system,AU,2026-08-28T14:05:16.754Z,2026-08-28T14:15:25.691Z,-0.8825,stop,Mean Reversion
system,QCOM,2026-08-27T14:25:15.451Z,2026-08-28T14:10:24.986Z,-0.7608,stop,Trend Pulse
system,AGI,2026-08-19T14:05:48.615Z,2026-08-28T14:05:16.754Z,3.9438,stop,Donchian Swing
system,AU,2026-08-19T17:00:44.498Z,2026-08-28T14:05:16.754Z,9.2798,stop,Donchian Swing
system,LLY,2026-08-28T13:35:13.809Z,2026-08-28T14:05:16.754Z,0.4163,partial-target,Mean Reversion
system,WMT,2026-08-27T13:35:21.857Z,2026-08-28T13:55:14.862Z,-0.1744,sell-signal,Mean Reversion
system,CAT,2026-08-28T13:30:36.945Z,2026-08-28T13:55:14.862Z,-0.1713,sell-signal,Breakout Engine
system,COST,2026-08-28T13:40:23.019Z,2026-08-28T13:55:14.862Z,0.4838,target,Breakout Engine
system,V,2026-08-28T13:50:21.619Z,2026-08-28T13:55:14.862Z,0.2618,target,Breakout Engine
system,AAPL,2026-08-28T13:30:36.945Z,2026-08-28T13:50:21.619Z,0.1465,trailing-stop,Breakout Engine
system,COST,2026-08-28T13:30:36.945Z,2026-08-28T13:40:23.019Z,0.3216,target,Breakout Engine
system,XOM,2026-08-27T15:25:13.773Z,2026-08-28T13:35:13.809Z,-0.3248,sell-signal,Flow Confirm
system,AAPL,2026-08-28T13:30:36.945Z,2026-08-28T13:35:13.809Z,0.2869,partial-target,Breakout Engine
system,NKE,2026-08-25T13:30:48.759Z,2026-08-28T13:30:36.945Z,-2.0532,sell-signal,Mean Reversion
system,TSLA,2026-08-27T13:55:14.889Z,2026-08-28T13:30:36.945Z,1.7501,sell-signal,Flow Confirm
system,INTC,2026-08-27T14:45:46.921Z,2026-08-28T13:30:36.945Z,-0.4160,stop,Trend Pulse
system,CAT,2026-08-27T17:55:11.008Z,2026-08-28T13:30:36.945Z,-0.1759,sell-signal,EMA Pullback Swing
system,V,2026-08-27T17:55:11.008Z,2026-08-28T13:30:36.945Z,-0.2297,sell-signal,Flow Confirm
system,COST,2026-08-27T19:50:15.984Z,2026-08-28T13:30:36.945Z,0.4043,target,Mean Reversion
system,COST,2026-08-27T13:40:25.671Z,2026-08-27T19:50:15.984Z,-1.3100,stop,Mean Reversion
system,NVDA,2026-08-27T14:05:11.226Z,2026-08-27T17:55:11.008Z,1.5202,sell-signal,Breakout Engine
system,AAPL,2026-08-27T16:20:19.755Z,2026-08-27T17:55:11.008Z,0.1591,sell-signal,Flow Confirm
system,MU,2026-08-27T17:25:12.891Z,2026-08-27T17:30:27.831Z,-0.1660,sell-signal,Breakout Engine
system,WFC,2026-08-26T13:51:43.273Z,2026-08-27T17:25:12.891Z,-0.2276,sell-signal,EMA Reclaim Trend
system,AAPL,2026-08-27T15:00:51.931Z,2026-08-27T16:20:19.755Z,0.1766,sell-signal,Breakout Engine
system,ADBE,2026-08-27T14:00:51.766Z,2026-08-27T16:05:18.069Z,0.1640,sell-signal,Breakout Engine
system,XOM,2026-08-26T15:30:52.158Z,2026-08-27T15:25:13.773Z,-2.0280,sell-signal,EMA Pullback Swing
system,META,2026-08-27T14:40:17.703Z,2026-08-27T15:00:48.946Z,0.0439,sell-signal,Connors RSI(2)
system,INTC,2026-08-27T13:30:29.161Z,2026-08-27T14:45:46.921Z,1.5069,trailing-stop,Flow Confirm
system,AVGO,2026-08-26T13:51:43.273Z,2026-08-27T14:40:17.703Z,3.3708,sell-signal,Flow Confirm
system,NOW,2026-08-27T13:45:26.915Z,2026-08-27T14:40:17.703Z,1.2204,trailing-stop,Breakout Engine
system,META,2026-08-26T14:39:56.896Z,2026-08-27T14:25:15.451Z,1.0835,trailing-stop,Trend Pulse
system,NOW,2026-08-27T13:45:26.915Z,2026-08-27T14:25:15.451Z,2.4646,partial-target,Breakout Engine
system,PG,2026-08-24T13:55:47.927Z,2026-08-27T14:05:11.226Z,-2.0061,sell-signal,Trend Pulse
system,MSFT,2026-08-27T13:45:26.915Z,2026-08-27T14:00:51.766Z,0.5940,target,Breakout Engine
system,MU,2026-08-27T13:35:21.857Z,2026-08-27T13:55:14.889Z,-1.5000,stop,Breakout Engine
system,MSFT,2026-08-27T13:45:26.915Z,2026-08-27T13:55:14.889Z,0.3564,partial-target,Breakout Engine
system,QCOM,2026-08-25T15:50:48.351Z,2026-08-27T13:45:26.915Z,2.0217,sell-signal,Flow Confirm
system,CSCO,2026-08-27T13:30:29.161Z,2026-08-27T13:45:26.915Z,0.1517,sell-signal,Connors RSI(2)
system,NOW,2026-08-27T13:30:29.161Z,2026-08-27T13:45:26.915Z,2.3153,target,Breakout Engine
system,AMZN,2026-08-25T14:25:48.171Z,2026-08-27T13:40:25.671Z,-1.5528,stop,Mean Reversion
system,NOW,2026-08-27T13:30:29.161Z,2026-08-27T13:40:25.671Z,1.3892,partial-target,Breakout Engine
system,MCD,2026-08-25T17:25:48.739Z,2026-08-27T13:35:21.857Z,-1.4672,stop,Mean Reversion
system,MU,2026-08-27T13:30:29.161Z,2026-08-27T13:35:21.857Z,-1.5000,stop,Breakout Engine
system,RELY,2026-08-24T13:45:47.704Z,2026-08-27T13:30:29.161Z,-2.3132,sell-signal,Trend Pulse
system,V,2026-08-25T16:25:48.352Z,2026-08-27T13:30:29.161Z,-0.4319,sell-signal,EMA Reclaim Trend
system,HD,2026-08-25T19:18:41.378Z,2026-08-27T13:30:29.161Z,-2.2000,stop,EMA Reclaim Trend
system,AAPL,2026-08-26T15:10:55.550Z,2026-08-27T13:30:29.161Z,-0.8974,sell-signal,Flow Confirm
system,ORCL,2026-08-26T15:30:52.158Z,2026-08-27T13:30:29.161Z,3.4981,sell-signal,Connors RSI(2)
system,NVDA,2026-08-25T13:55:48.357Z,2026-08-26T15:30:52.158Z,-1.2860,sell-signal,EMA Pullback Swing
system,JPM,2026-08-24T15:45:46.992Z,2026-08-26T15:20:57.311Z,-0.1738,sell-signal,EMA Pullback Swing
system,MSFT,2026-08-26T13:51:43.273Z,2026-08-26T15:10:55.550Z,-0.1443,sell-signal,Flow Confirm
system,GS,2026-08-25T17:05:48.672Z,2026-08-26T14:39:56.896Z,-0.5362,sell-signal,EMA Pullback Swing
system,INTC,2026-08-25T14:05:48.406Z,2026-08-26T13:51:43.273Z,-2.1753,sell-signal,Trend Pulse
system,LLY,2026-08-25T17:27:59.959Z,2026-08-26T13:51:43.273Z,-4.4134,sell-signal,Flow Confirm
system,AAPL,2026-08-25T18:40:48.341Z,2026-08-26T13:51:43.273Z,0.7373,sell-signal,Flow Confirm
system,ORCL,2026-08-25T15:05:48.559Z,2026-08-25T19:18:41.378Z,-0.5340,sell-signal,EMA Reclaim Trend
system,META,2026-08-24T13:50:47.759Z,2026-08-25T18:40:48.341Z,2.6689,sell-signal,Flow Confirm
system,ADBE,2026-08-25T15:55:49.640Z,2026-08-25T17:27:59.959Z,-0.2215,sell-signal,Flow Confirm
system,GOOGL,2026-08-25T14:30:48.580Z,2026-08-25T17:25:48.739Z,0.1332,trailing-stop,Mean Reversion
system,UNH,2026-08-25T16:45:48.461Z,2026-08-25T17:05:48.672Z,-0.1433,sell-signal,EMA Pullback Swing
system,GOOGL,2026-08-25T14:30:48.580Z,2026-08-25T17:00:49.149Z,0.2895,partial-target,Mean Reversion
system,MU,2026-08-25T16:20:48.395Z,2026-08-25T16:45:48.461Z,-0.5273,sell-signal,EMA Pullback Swing
system,AMD,2026-08-25T13:50:48.347Z,2026-08-25T16:25:48.352Z,-0.0065,sell-signal,Breakout Engine
system,UNH,2026-08-25T15:55:49.640Z,2026-08-25T16:20:48.395Z,-0.1608,sell-signal,EMA Pullback Swing
system,HD,2026-08-24T13:55:47.927Z,2026-08-25T15:55:49.640Z,-0.8212,sell-signal,EMA Pullback Swing
system,MSFT,2026-08-25T14:29:11.226Z,2026-08-25T15:55:49.640Z,0.4773,sell-signal,Flow Confirm
system,TSLA,2026-08-25T15:30:48.321Z,2026-08-25T15:50:48.351Z,-0.9162,sell-signal,Breakout Engine
system,TSLA,2026-08-25T15:25:48.620Z,2026-08-25T15:30:48.321Z,0.4300,target,Breakout Engine
system,AAPL,2026-08-25T14:25:48.171Z,2026-08-25T15:25:48.620Z,-0.4502,sell-signal,Flow Confirm
system,CSCO,2026-08-25T13:45:48.060Z,2026-08-25T15:05:48.559Z,-1.2593,sell-signal,Breakout Engine
system,XOM,2026-08-25T13:30:48.759Z,2026-08-25T14:30:48.580Z,0.4679,trailing-stop,Mean Reversion
system,KO,2026-08-24T17:50:43.099Z,2026-08-25T14:29:11.226Z,-0.2990,sell-signal,Flow Confirm
system,WMT,2026-08-25T13:30:48.759Z,2026-08-25T14:25:48.171Z,-0.6378,sell-signal,Flow Confirm
system,CVX,2026-08-25T13:45:10.177Z,2026-08-25T14:25:48.171Z,0.2533,trailing-stop,Mean Reversion
system,PEP,2026-08-24T14:30:47.735Z,2026-08-25T14:05:48.406Z,-1.4091,sell-signal,Trend Pulse
system,XOM,2026-08-25T13:30:48.759Z,2026-08-25T14:05:48.406Z,0.8901,partial-target,Mean Reversion
system,CVX,2026-08-25T13:45:10.177Z,2026-08-25T14:05:48.406Z,0.5192,partial-target,Mean Reversion
system,MSFT,2026-08-25T13:40:48.543Z,2026-08-25T13:55:48.357Z,0.1373,trailing-stop,Breakout Engine
system,NVDA,2026-08-25T13:35:48.845Z,2026-08-25T13:50:48.347Z,0.9829,target,Breakout Engine
system,GOOGL,2026-08-25T13:30:48.759Z,2026-08-25T13:45:48.060Z,0.0754,trailing-stop,Breakout Engine
system,MSFT,2026-08-25T13:40:48.543Z,2026-08-25T13:45:48.060Z,0.2899,partial-target,Breakout Engine
system,CRM,2026-08-25T13:35:48.845Z,2026-08-25T13:45:10.177Z,1.3115,target,Mean Reversion
system,AAPL,2026-08-25T13:35:48.845Z,2026-08-25T13:40:48.543Z,-0.2697,sell-signal,Breakout Engine
system,CRM,2026-08-25T13:35:48.845Z,2026-08-25T13:40:48.543Z,0.7869,partial-target,Mean Reversion
system,MSFT,2026-08-24T16:55:47.385Z,2026-08-25T13:35:48.845Z,-0.8162,sell-signal,EMA Reclaim Trend
system,WFC,2026-08-24T19:55:48.047Z,2026-08-25T13:35:48.845Z,-0.3185,sell-signal,Breakout Engine
system,UNH,2026-08-25T13:30:48.759Z,2026-08-25T13:35:48.845Z,-0.2347,sell-signal,Breakout Engine
system,GOOGL,2026-08-25T13:30:48.759Z,2026-08-25T13:35:48.845Z,0.1111,partial-target,Breakout Engine
system,JKHY,2026-08-19T14:18:19.209Z,2026-08-25T13:30:48.759Z,1.1658,trailing-stop,Donchian Swing
system,NKE,2026-08-24T13:50:47.759Z,2026-08-25T13:30:48.759Z,-2.2000,stop,EMA Reclaim Trend
system,BAC,2026-08-24T15:58:15.139Z,2026-08-25T13:30:48.759Z,-0.2283,sell-signal,EMA Reclaim Trend
system,UNH,2026-08-24T19:48:02.802Z,2026-08-25T13:30:48.759Z,0.0728,trailing-stop,Breakout Engine
system,NOW,2026-08-24T19:55:48.047Z,2026-08-25T13:30:48.759Z,-1.1219,sell-signal,Breakout Engine
system,COST,2026-08-24T19:48:02.802Z,2026-08-24T19:55:48.047Z,-0.2718,sell-signal,Breakout Engine
system,GOOGL,2026-08-24T19:50:47.805Z,2026-08-24T19:55:48.047Z,-0.1576,sell-signal,Breakout Engine
system,KTOS,2026-08-24T13:35:47.773Z,2026-08-24T19:50:47.805Z,-3.5000,stop,Mean Reversion
system,UNH,2026-08-24T19:48:02.802Z,2026-08-24T19:50:47.805Z,0.1420,partial-target,Breakout Engine
system,ADBE,2026-08-24T19:15:47.824Z,2026-08-24T19:48:02.802Z,-0.1893,sell-signal,Breakout Engine
system,V,2026-08-24T19:25:47.535Z,2026-08-24T19:48:02.802Z,0.0919,trailing-stop,Breakout Engine
system,V,2026-08-24T19:25:47.535Z,2026-08-24T19:35:47.731Z,0.1495,partial-target,Breakout Engine
system,QCOM,2026-08-24T18:30:47.312Z,2026-08-24T19:25:47.535Z,-0.0440,sell-signal,Breakout Engine
system,WMT,2026-08-24T18:20:47.895Z,2026-08-24T19:15:47.824Z,0.3461,target,Breakout Engine
system,WMT,2026-08-24T18:20:47.895Z,2026-08-24T18:45:47.336Z,0.2076,partial-target,Breakout Engine
system,ABBV,2026-08-24T17:55:47.642Z,2026-08-24T18:30:47.312Z,-0.1320,sell-signal,Connors RSI(2)
system,UNH,2026-08-24T17:40:47.740Z,2026-08-24T18:20:47.895Z,-0.0702,sell-signal,Connors RSI(2)
system,JNJ,2026-08-24T17:50:43.099Z,2026-08-24T17:55:47.642Z,-0.2158,sell-signal,Breakout Engine
system,JNJ,2026-08-24T16:55:47.385Z,2026-08-24T17:50:43.099Z,-0.0822,sell-signal,Flow Confirm
system,KO,2026-08-24T17:45:47.214Z,2026-08-24T17:50:43.099Z,0.0000,sell-signal,Breakout Engine
system,GS,2026-08-24T17:35:47.250Z,2026-08-24T17:45:47.214Z,0.0839,sell-signal,Connors RSI(2)
system,AMZN,2026-08-24T17:20:47.492Z,2026-08-24T17:40:47.740Z,-0.1078,sell-signal,Connors RSI(2)
system,GOOGL,2026-08-24T16:55:47.385Z,2026-08-24T17:35:47.250Z,-0.5580,sell-signal,EMA Pullback Swing
system,AAPL,2026-08-24T14:40:47.229Z,2026-08-24T17:20:47.492Z,-0.3210,sell-signal,Flow Confirm
system,NVDA,2026-08-24T16:00:47.074Z,2026-08-24T16:55:47.385Z,-0.2711,sell-signal,Breakout Engine
system,AMZN,2026-08-24T16:35:47.459Z,2026-08-24T16:55:47.385Z,0.0875,sell-signal,Breakout Engine
system,JNJ,2026-08-24T16:45:47.176Z,2026-08-24T16:55:47.385Z,0.1153,sell-signal,Connors RSI(2)
system,V,2026-08-24T16:40:47.029Z,2026-08-24T16:45:47.176Z,0.1093,sell-signal,Connors RSI(2)
system,GOOGL,2026-08-24T15:58:15.139Z,2026-08-24T16:40:47.029Z,0.0913,sell-signal,Breakout Engine
system,QCOM,2026-08-24T15:45:46.992Z,2026-08-24T16:35:47.459Z,0.2023,trailing-stop,Breakout Engine
system,QCOM,2026-08-24T15:45:46.992Z,2026-08-24T16:15:47.140Z,0.2727,partial-target,Breakout Engine
system,NVDA,2026-08-24T14:50:47.303Z,2026-08-24T16:00:47.074Z,0.2432,sell-signal,Flow Confirm
system,TSLA,2026-08-24T15:15:47.222Z,2026-08-24T15:58:15.139Z,-0.5762,sell-signal,Breakout Engine
system,V,2026-08-24T15:50:47.416Z,2026-08-24T15:58:15.139Z,0.0748,sell-signal,Connors RSI(2)
system,V,2026-08-24T15:25:47.374Z,2026-08-24T15:50:47.416Z,-0.2253,sell-signal,Breakout Engine
system,WFC,2026-08-24T15:15:47.222Z,2026-08-24T15:45:46.992Z,-0.1827,sell-signal,Connors RSI(2)
system,AMD,2026-08-24T15:25:47.374Z,2026-08-24T15:45:46.992Z,0.7513,target,Breakout Engine
system,AMD,2026-08-24T15:25:47.374Z,2026-08-24T15:40:47.229Z,0.4508,partial-target,Breakout Engine
system,WMT,2026-08-24T13:45:47.704Z,2026-08-24T15:25:47.374Z,-0.4517,sell-signal,Breakout Engine
system,KO,2026-08-24T15:05:47.243Z,2026-08-24T15:25:47.374Z,-0.0045,sell-signal,Connors RSI(2)
system,AMZN,2026-08-24T13:40:47.914Z,2026-08-24T15:15:47.222Z,-0.2288,sell-signal,Breakout Engine
system,AVAV,2026-08-24T13:45:47.704Z,2026-08-24T15:15:47.222Z,-0.7208,stop,Mean Reversion
system,DIS,2026-08-24T14:10:47.853Z,2026-08-24T15:05:47.243Z,-1.3279,stop,Breakout Engine
system,BMNR,2026-08-24T13:30:47.734Z,2026-08-24T14:50:47.303Z,1.1454,trailing-stop,Flow Confirm
system,BABA,2026-08-24T13:55:47.927Z,2026-08-24T14:40:47.229Z,1.3328,target,Mean Reversion
system,BABA,2026-08-24T13:55:47.927Z,2026-08-24T14:35:47.207Z,0.7997,partial-target,Mean Reversion
system,CRM,2026-08-24T13:30:47.734Z,2026-08-24T14:30:47.735Z,1.4044,sell-signal,Flow Confirm
system,MSFT,2026-08-24T13:55:47.927Z,2026-08-24T14:10:47.853Z,0.1381,trailing-stop,Breakout Engine
system,MSFT,2026-08-24T13:55:47.927Z,2026-08-24T14:00:49.010Z,0.2380,partial-target,Breakout Engine
system,BABA,2026-08-21T14:05:45.684Z,2026-08-24T13:55:47.927Z,-3.4770,stop,Mean Reversion
system,TSLA,2026-08-24T13:35:47.773Z,2026-08-24T13:55:47.927Z,-0.3509,sell-signal,Connors RSI(2)
system,BTDR,2026-08-24T13:40:47.914Z,2026-08-24T13:55:47.927Z,0.8152,sell-signal,Connors RSI(2)
system,MSFT,2026-08-24T13:45:47.704Z,2026-08-24T13:55:47.927Z,0.3228,target,Breakout Engine
system,TNGX,2026-08-21T13:30:46.196Z,2026-08-24T13:50:47.759Z,-2.4000,stop,Relative Strength Leader
system,MSFT,2026-08-24T13:45:47.704Z,2026-08-24T13:50:47.759Z,0.1937,partial-target,Breakout Engine
system,RELY,2026-08-21T19:50:44.496Z,2026-08-24T13:45:47.704Z,0.6242,trailing-stop,Breakout Engine
system,META,2026-08-24T13:30:47.734Z,2026-08-24T13:45:47.704Z,-0.6812,sell-signal,EMA Reclaim Trend
system,GOOGL,2026-08-24T13:35:47.773Z,2026-08-24T13:45:47.704Z,-0.3798,sell-signal,Breakout Engine
system,AVAV,2026-08-24T13:40:47.914Z,2026-08-24T13:45:47.704Z,-0.4152,stop,Mean Reversion
system,HOOD,2026-08-21T16:15:45.510Z,2026-08-24T13:40:47.914Z,-0.3659,sell-signal,EMA Reclaim Trend
system,BTDR,2026-08-21T19:45:44.662Z,2026-08-24T13:40:47.914Z,-2.2000,stop,EMA Reclaim Trend
system,AMZN,2026-08-24T13:30:47.734Z,2026-08-24T13:40:47.914Z,0.3327,target,Breakout Engine
system,AVAV,2026-08-24T13:35:47.773Z,2026-08-24T13:40:47.914Z,-0.4031,stop,Mean Reversion
system,HIMS,2026-08-19T17:55:42.928Z,2026-08-24T13:35:47.773Z,7.1190,trailing-stop,EMA Pullback Swing
system,ALGT,2026-08-24T13:30:47.734Z,2026-08-24T13:35:47.773Z,-1.5000,stop,Breakout Engine
system,AVAV,2026-08-24T13:30:47.734Z,2026-08-24T13:35:47.773Z,-0.2452,stop,Mean Reversion
system,KTOS,2026-08-24T13:30:47.734Z,2026-08-24T13:35:47.773Z,-0.0627,stop,Mean Reversion
system,KTOS,2026-08-20T19:05:46.880Z,2026-08-24T13:30:47.734Z,1.9950,trailing-stop,Flow Confirm
system,AVAV,2026-08-21T13:30:46.196Z,2026-08-24T13:30:47.734Z,-2.4000,stop,Relative Strength Leader
system,RGTI,2026-08-21T15:55:45.571Z,2026-08-24T13:30:47.734Z,1.2341,trailing-stop,Flow Confirm
system,IONQ,2026-08-21T16:35:45.654Z,2026-08-24T13:30:47.734Z,-4.4499,sell-signal,Flow Confirm
system,BMNR,2026-08-21T17:55:44.267Z,2026-08-24T13:30:47.734Z,3.4000,target,EMA Reclaim Trend
system,ALGT,2026-08-21T19:50:44.496Z,2026-08-24T13:30:47.734Z,0.8317,target,Breakout Engine
system,RELY,2026-08-21T19:50:44.496Z,2026-08-24T13:30:47.734Z,0.8426,partial-target,Breakout Engine
system,QBTS,2026-08-21T19:52:46.640Z,2026-08-24T13:30:47.734Z,-1.5000,stop,Breakout Engine
system,HBM,2026-08-21T19:15:44.534Z,2026-08-21T19:52:46.640Z,0.0668,sell-signal,Breakout Engine
system,TGTX,2026-08-21T19:15:44.534Z,2026-08-21T19:50:44.496Z,1.0304,target,Mean Reversion
system,VGNT,2026-08-21T19:30:55.158Z,2026-08-21T19:50:44.496Z,-0.3037,sell-signal,Breakout Engine
system,QBTS,2026-08-21T14:50:45.220Z,2026-08-21T19:45:44.662Z,3.4000,target,EMA Reclaim Trend
system,IBIT,2026-08-21T18:45:44.381Z,2026-08-21T19:30:55.158Z,0.8211,target,Mean Reversion
system,FCX,2026-08-21T13:35:44.733Z,2026-08-21T19:15:44.534Z,0.9711,sell-signal,Breakout Engine
system,MRNA,2026-08-21T18:25:44.397Z,2026-08-21T19:15:44.534Z,2.7903,target,Mean Reversion
system,IBIT,2026-08-21T18:45:44.381Z,2026-08-21T19:00:35.871Z,0.4927,partial-target,Mean Reversion
system,BITI,2026-08-21T13:41:12.914Z,2026-08-21T18:45:44.381Z,0.6609,sell-signal,Mean Reversion
system,WMT,2026-08-20T13:35:44.823Z,2026-08-21T18:25:44.397Z,-2.0218,sell-signal,Mean Reversion
system,TGTX,2026-08-21T15:50:46.042Z,2026-08-21T17:55:44.267Z,1.4040,trailing-stop,EMA Reclaim Trend
system,MP,2026-08-21T15:15:45.462Z,2026-08-21T16:35:45.654Z,0.7127,sell-signal,Flow Confirm
system,QBTS,2026-08-21T14:50:45.220Z,2026-08-21T16:25:46.306Z,2.0400,partial-target,EMA Reclaim Trend
system,TGTX,2026-08-21T15:50:46.042Z,2026-08-21T16:25:46.306Z,2.0400,partial-target,EMA Reclaim Trend
system,NTES,2026-08-21T13:35:44.733Z,2026-08-21T16:15:45.510Z,0.4444,sell-signal,Breakout Engine
system,HOOD,2026-08-21T14:40:44.658Z,2026-08-21T15:55:45.571Z,1.4035,sell-signal,Flow Confirm
system,MRNA,2026-08-21T15:37:02.177Z,2026-08-21T15:50:46.042Z,-3.2921,stop,EMA Reclaim Trend
system,CAI,2026-08-20T18:25:45.162Z,2026-08-21T15:37:02.177Z,2.7925,trailing-stop,Trend Pulse
system,MRNA,2026-08-21T14:35:45.522Z,2026-08-21T15:15:45.462Z,-3.3688,sell-signal,Flow Confirm
system,TGTX,2026-08-21T14:19:56.867Z,2026-08-21T14:50:45.220Z,-1.5000,stop,Breakout Engine
system,COIN,2026-08-21T14:15:46.316Z,2026-08-21T14:40:44.658Z,-1.1391,sell-signal,Flow Confirm
system,CRCL,2026-08-21T13:45:46.145Z,2026-08-21T14:35:45.522Z,-2.8588,sell-signal,Flow Confirm
system,CAI,2026-08-20T18:25:45.162Z,2026-08-21T14:30:46.655Z,4.0200,partial-target,Trend Pulse
system,WOLF,2026-08-21T13:30:46.196Z,2026-08-21T14:19:56.867Z,2.8012,trailing-stop,Trend Pulse
system,MOD,2026-08-21T13:35:44.733Z,2026-08-21T14:15:46.316Z,-1.5000,stop,Breakout Engine
system,BABA,2026-08-21T13:40:44.651Z,2026-08-21T14:05:45.684Z,-0.3766,stop,Mean Reversion
system,KTOS,2026-08-20T19:05:46.880Z,2026-08-21T13:45:46.145Z,4.0200,partial-target,Flow Confirm
system,HUT,2026-08-21T13:30:46.196Z,2026-08-21T13:41:12.914Z,-1.3012,sell-signal,Darvas Box Breakout
system,WOLF,2026-08-21T13:30:46.196Z,2026-08-21T13:40:44.651Z,4.0200,partial-target,Trend Pulse
system,AAOI,2026-08-20T14:40:43.635Z,2026-08-21T13:35:44.733Z,1.1196,trailing-stop,Flow Confirm
system,TEM,2026-08-20T16:25:43.326Z,2026-08-21T13:35:44.733Z,-1.5960,sell-signal,Flow Confirm
system,MRNA,2026-08-21T13:30:46.196Z,2026-08-21T13:35:44.733Z,4.0000,target,Relative Strength Leader
system,WPM,2026-08-19T18:40:41.598Z,2026-08-21T13:30:46.196Z,6.7000,target,Trend Pulse
system,SETH,2026-08-20T13:30:43.248Z,2026-08-21T13:30:46.196Z,-3.5000,stop,Mean Reversion
system,BMNR,2026-08-20T14:55:42.822Z,2026-08-21T13:30:46.196Z,3.4000,target,EMA Reclaim Trend
system,GLXY,2026-08-20T15:00:46.454Z,2026-08-21T13:30:46.196Z,3.4000,target,EMA Reclaim Trend
system,HUT,2026-08-20T15:25:43.673Z,2026-08-21T13:30:46.196Z,3.4000,target,EMA Reclaim Trend
system,BTDR,2026-08-20T18:25:45.162Z,2026-08-21T13:30:46.196Z,6.7000,target,Trend Pulse
system,RIOT,2026-08-20T19:55:47.965Z,2026-08-21T13:30:46.196Z,4.0000,target,Relative Strength Leader
system,AVAV,2026-08-20T19:35:47.367Z,2026-08-20T19:55:47.965Z,0.2884,trailing-stop,Breakout Engine
system,AVAV,2026-08-20T19:35:47.367Z,2026-08-20T19:45:45.614Z,0.4521,partial-target,Breakout Engine
system,Q,2026-08-20T19:05:46.880Z,2026-08-20T19:35:47.367Z,-0.5353,sell-signal,EMA Pullback Swing
system,KTOS,2026-08-20T16:35:44.716Z,2026-08-20T19:05:46.880Z,0.5333,trailing-stop,Mean Reversion
system,KSS,2026-08-20T18:49:52.358Z,2026-08-20T19:05:46.880Z,-0.4119,sell-signal,Flow Confirm
system,KTOS,2026-08-20T16:35:44.716Z,2026-08-20T18:50:46.540Z,1.0062,partial-target,Mean Reversion
system,ETHA,2026-08-20T18:34:30.386Z,2026-08-20T18:49:52.358Z,0.2005,sell-signal,Connors RSI(2)
system,MARA,2026-08-20T15:01:26.616Z,2026-08-20T18:34:30.386Z,0.3273,sell-signal,Turtle 20 Breakout
system,CNH,2026-08-20T13:50:43.994Z,2026-08-20T18:25:45.162Z,-0.0927,sell-signal,Flow Confirm
system,ETHA,2026-08-20T18:05:46.447Z,2026-08-20T18:25:45.162Z,-0.1141,sell-signal,Connors RSI(2)
system,ETHA,2026-08-20T13:55:42.716Z,2026-08-20T18:05:46.447Z,2.5328,sell-signal,Breakout Engine
system,ETHA,2026-08-20T13:55:42.716Z,2026-08-20T16:45:43.595Z,2.6996,partial-target,Breakout Engine
system,STLA,2026-08-20T13:45:43.134Z,2026-08-20T16:35:44.716Z,2.1695,sell-signal,Mean Reversion
system,RIOT,2026-08-20T14:50:46.561Z,2026-08-20T16:25:43.326Z,-0.8836,sell-signal,Flow Confirm
system,BTDR,2026-08-20T14:55:42.822Z,2026-08-20T15:25:43.673Z,1.0325,trailing-stop,EMA Reclaim Trend
system,BTDR,2026-08-20T14:55:42.822Z,2026-08-20T15:04:07.364Z,2.0400,partial-target,EMA Reclaim Trend
system,NEM,2026-08-20T13:35:44.823Z,2026-08-20T15:01:26.616Z,1.0896,target,Breakout Engine
system,SSRM,2026-08-19T14:55:43.450Z,2026-08-20T15:00:46.454Z,4.0000,target,Relative Strength Leader
system,CAI,2026-08-19T17:55:42.928Z,2026-08-20T14:55:42.822Z,6.7000,target,Trend Pulse
system,NEM,2026-08-20T13:35:44.823Z,2026-08-20T14:55:42.822Z,0.6538,partial-target,Breakout Engine
system,DE,2026-08-20T14:10:44.017Z,2026-08-20T14:55:42.822Z,3.4000,target,EMA Reclaim Trend
system,TEM,2026-08-20T13:55:42.716Z,2026-08-20T14:50:46.561Z,-0.6892,sell-signal,Flow Confirm
system,MSTR,2026-08-20T14:35:44.408Z,2026-08-20T14:40:43.635Z,-0.4051,sell-signal,Flow Confirm
system,AEM,2026-08-19T17:00:44.498Z,2026-08-20T14:35:44.408Z,1.3915,sell-signal,Flow Confirm
system,DE,2026-08-20T14:10:44.017Z,2026-08-20T14:25:42.743Z,2.0400,partial-target,EMA Reclaim Trend
system,SAM,2026-08-20T13:55:42.716Z,2026-08-20T14:10:44.017Z,-1.3905,stop,Breakout Engine
system,HL,2026-08-19T19:50:41.533Z,2026-08-20T13:55:42.716Z,1.1810,trailing-stop,Flow Confirm
system,TEM,2026-08-20T13:30:43.248Z,2026-08-20T13:55:42.716Z,3.7863,target,Breakout Engine
system,BTDR,2026-08-20T13:35:44.823Z,2026-08-20T13:55:42.716Z,1.9323,trailing-stop,Breakout Engine
system,EL,2026-08-19T19:55:41.762Z,2026-08-20T13:50:43.994Z,0.4202,sell-signal,Connors RSI(2)
system,CAI,2026-08-19T17:55:42.928Z,2026-08-20T13:45:43.134Z,4.0200,partial-target,Trend Pulse
system,TEM,2026-08-20T13:30:43.248Z,2026-08-20T13:45:43.134Z,2.2718,partial-target,Breakout Engine
system,AXTI,2026-08-20T13:30:43.248Z,2026-08-20T13:45:43.134Z,1.2746,trailing-stop,Mean Reversion
system,BTDR,2026-08-20T13:35:44.823Z,2026-08-20T13:45:43.134Z,2.7238,partial-target,Breakout Engine
system,AXTI,2026-08-20T13:30:43.248Z,2026-08-20T13:42:03.854Z,2.0898,partial-target,Mean Reversion
system,TWST,2026-08-19T17:50:43.274Z,2026-08-20T13:35:44.823Z,1.8905,trailing-stop,Trend Pulse
system,NEM,2026-08-20T13:30:43.248Z,2026-08-20T13:35:44.823Z,0.7870,target,Breakout Engine
system,BTDR,2026-08-20T13:30:43.248Z,2026-08-20T13:35:44.823Z,2.8476,target,Breakout Engine
system,DNTH,2026-08-14T19:48:35.843Z,2026-08-20T13:30:43.248Z,-2.2000,stop,EMA Reclaim Trend
system,SSRM,2026-08-19T14:55:43.450Z,2026-08-20T13:30:43.248Z,2.4000,partial-target,Relative Strength Leader
system,SETH,2026-08-19T15:40:43.767Z,2026-08-20T13:30:43.248Z,-2.7186,stop,Mean Reversion
system,CVNA,2026-08-19T17:35:41.619Z,2026-08-20T13:30:43.248Z,-1.9543,sell-signal,Flow Confirm
system,STLD,2026-08-19T18:35:41.774Z,2026-08-20T13:30:43.248Z,1.3602,trailing-stop,Mean Reversion
system,BTDR,2026-08-19T19:30:42.163Z,2026-08-20T13:30:43.248Z,3.4000,target,EMA Reclaim Trend
system,TWST,2026-08-19T17:50:43.274Z,2026-08-19T19:55:41.762Z,4.0200,partial-target,Trend Pulse
system,CDE,2026-08-19T19:40:41.869Z,2026-08-19T19:55:41.762Z,0.2691,sell-signal,Connors RSI(2)
system,EL,2026-08-19T18:50:29.194Z,2026-08-19T19:50:41.533Z,-0.2674,sell-signal,Flow Confirm
system,NBIS,2026-08-19T18:45:41.812Z,2026-08-19T19:40:41.869Z,-1.6410,stop,Mean Reversion
system,RKT,2026-08-19T19:16:09.894Z,2026-08-19T19:30:42.163Z,0.4645,sell-signal,Connors RSI(2)
system,RKT,2026-08-19T14:00:59.358Z,2026-08-19T19:16:09.894Z,-2.4000,stop,Relative Strength Leader
system,WOLF,2026-08-19T17:15:45.222Z,2026-08-19T18:50:29.194Z,0.9676,trailing-stop,Flow Confirm
system,STLD,2026-08-19T18:35:41.774Z,2026-08-19T18:50:29.194Z,2.3519,partial-target,Mean Reversion
system,VICR,2026-08-19T17:45:41.538Z,2026-08-19T18:45:41.812Z,1.3961,target,Mean Reversion
system,NBIS,2026-08-19T17:05:44.243Z,2026-08-19T18:40:41.598Z,-3.4062,sell-signal,EMA Pullback Swing
system,VICR,2026-08-19T17:45:41.538Z,2026-08-19T18:40:41.598Z,0.8377,partial-target,Mean Reversion
system,STLD,2026-08-19T18:10:42.435Z,2026-08-19T18:35:41.774Z,-1.6375,stop,Mean Reversion
system,BMNR,2026-08-19T17:05:44.243Z,2026-08-19T18:10:42.435Z,-2.2000,stop,EMA Reclaim Trend
system,STZ,2026-08-17T14:35:37.776Z,2026-08-19T17:55:42.928Z,0.0756,sell-signal,Mean Reversion
system,MRNA,2026-08-19T17:05:44.243Z,2026-08-19T17:50:43.274Z,1.2041,trailing-stop,Trend Pulse
system,COIN,2026-08-19T17:20:42.778Z,2026-08-19T17:45:41.538Z,-0.9377,sell-signal,Connors RSI(2)
system,MRVL,2026-08-19T17:15:45.222Z,2026-08-19T17:35:41.619Z,-0.4312,sell-signal,Connors RSI(2)
system,CAI,2026-08-19T15:40:43.767Z,2026-08-19T17:20:42.778Z,-1.0568,sell-signal,Flow Confirm
system,MRVL,2026-08-19T14:30:43.609Z,2026-08-19T17:15:45.222Z,0.9152,trailing-stop,EMA Reclaim Trend
system,MSTR,2026-08-19T14:45:42.627Z,2026-08-19T17:15:45.222Z,3.8178,sell-signal,Flow Confirm
system,WOLF,2026-08-19T15:07:12.746Z,2026-08-19T17:15:45.222Z,2.6759,target,Mean Reversion
system,KGC,2026-08-19T16:40:43.270Z,2026-08-19T17:05:44.243Z,-0.5363,sell-signal,Connors RSI(2)
system,CDE,2026-08-19T16:50:42.519Z,2026-08-19T17:05:44.243Z,0.4563,sell-signal,Connors RSI(2)
system,HL,2026-08-19T16:55:42.721Z,2026-08-19T17:05:44.243Z,0.2471,sell-signal,Connors RSI(2)
system,AEM,2026-08-19T14:20:43.472Z,2026-08-19T17:00:44.498Z,0.8935,sell-signal,Breakout Engine
system,BMNR,2026-08-19T15:55:57.571Z,2026-08-19T17:00:44.498Z,0.0718,sell-signal,Flow Confirm
system,MRNA,2026-08-19T15:45:44.326Z,2026-08-19T16:55:42.721Z,8.0486,target,EMA Reclaim Trend
system,WOLF,2026-08-19T15:07:12.746Z,2026-08-19T16:50:42.519Z,1.6055,partial-target,Mean Reversion
system,CDE,2026-08-19T15:32:24.123Z,2026-08-19T16:50:42.519Z,-0.9750,sell-signal,Breakout Engine
system,MRNA,2026-08-19T15:45:44.326Z,2026-08-19T16:45:43.084Z,4.8292,partial-target,EMA Reclaim Trend
system,TEM,2026-08-19T16:30:42.691Z,2026-08-19T16:40:43.270Z,-1.4223,stop,Breakout Engine
system,KGC,2026-08-19T14:15:42.645Z,2026-08-19T16:30:42.691Z,1.1321,sell-signal,Breakout Engine
system,BEAM,2026-08-19T14:10:48.362Z,2026-08-19T15:55:57.571Z,-2.4000,stop,Relative Strength Leader
system,ABSI,2026-08-19T15:25:45.185Z,2026-08-19T15:45:44.326Z,-2.2000,stop,EMA Reclaim Trend
system,HL,2026-08-19T14:10:48.362Z,2026-08-19T15:40:43.767Z,4.2340,sell-signal,Flow Confirm
system,VICR,2026-08-19T15:07:12.746Z,2026-08-19T15:40:43.767Z,0.9164,trailing-stop,Mean Reversion
system,MRK,2026-08-19T14:15:42.645Z,2026-08-19T15:32:24.123Z,-0.9592,sell-signal,Breakout Engine
system,MSTR,2026-08-19T14:45:42.627Z,2026-08-19T15:32:24.123Z,4.0200,partial-target,Flow Confirm
system,MRNA,2026-08-19T14:55:43.450Z,2026-08-19T15:25:45.185Z,-3.5959,sell-signal,Connors RSI(2)
system,VICR,2026-08-19T15:07:12.746Z,2026-08-19T15:25:45.185Z,1.7860,partial-target,Mean Reversion
system,CDE,2026-08-19T13:50:48.209Z,2026-08-19T15:07:12.746Z,3.4710,sell-signal,Flow Confirm
system,WOLF,2026-08-19T14:10:48.362Z,2026-08-19T15:07:12.746Z,1.1022,trailing-stop,Mean Reversion
system,LUNR,2026-08-19T13:55:44.274Z,2026-08-19T14:55:43.450Z,1.2623,trailing-stop,Mean Reversion
system,CRCL,2026-08-19T14:25:42.458Z,2026-08-19T14:55:43.450Z,3.4000,target,EMA Reclaim Trend
system,CRCL,2026-08-19T14:25:42.458Z,2026-08-19T14:50:43.724Z,2.0400,partial-target,EMA Reclaim Trend
system,TEM,2026-08-19T13:55:44.274Z,2026-08-19T14:45:42.627Z,4.0000,target,Relative Strength Leader
system,HL,2026-08-19T14:10:48.362Z,2026-08-19T14:40:42.786Z,4.0200,partial-target,Flow Confirm
system,TEM,2026-08-19T13:55:44.274Z,2026-08-19T14:30:43.609Z,2.4000,partial-target,Relative Strength Leader
system,MRVL,2026-08-19T13:30:42.807Z,2026-08-19T14:25:42.458Z,-3.4129,sell-signal,Flow Confirm
system,MRNA,2026-08-19T13:35:42.784Z,2026-08-19T14:20:43.472Z,26.2057,target,Breakout Engine
system,ABSI,2026-08-19T13:40:48.077Z,2026-08-19T14:15:42.645Z,-1.5000,stop,Breakout Engine
system,EL,2026-08-19T13:55:44.274Z,2026-08-19T14:15:42.645Z,-1.4802,stop,Breakout Engine
system,UCTT,2026-08-18T14:30:40.090Z,2026-08-19T14:10:48.362Z,-7.0000,stop,EMA Pullback Swing
system,CRDO,2026-08-18T19:35:40.783Z,2026-08-19T14:10:48.362Z,-5.0000,stop,Flow Confirm
system,CIEN,2026-08-18T19:55:42.016Z,2026-08-19T14:10:48.362Z,-2.4000,stop,Relative Strength Leader
system,SANM,2026-08-19T13:50:48.209Z,2026-08-19T14:10:48.362Z,-0.8197,stop,Mean Reversion
system,MRNA,2026-08-19T13:35:42.784Z,2026-08-19T14:05:48.615Z,15.7234,partial-target,Breakout Engine
system,DFTX,2026-08-17T19:44:57.456Z,2026-08-19T14:00:59.358Z,2.0049,trailing-stop,Trend Pulse
system,FORM,2026-08-18T15:45:38.944Z,2026-08-19T13:55:44.274Z,-3.5000,stop,RSI Recovery
system,TWST,2026-08-19T13:40:48.077Z,2026-08-19T13:55:44.274Z,1.1980,trailing-stop,Breakout Engine
system,LGN,2026-08-19T13:40:48.077Z,2026-08-19T13:55:44.274Z,-0.6205,stop,Mean Reversion
system,SMTC,2026-08-18T19:45:40.809Z,2026-08-19T13:50:48.209Z,-2.5000,stop,Turtle 20 Breakout
system,SANM,2026-08-19T13:40:48.077Z,2026-08-19T13:50:48.209Z,-1.1015,stop,Mean Reversion
system,LGN,2026-08-18T14:55:17.190Z,2026-08-19T13:40:44.701Z,-3.3107,stop,Mean Reversion
system,AUR,2026-08-18T16:10:56.949Z,2026-08-19T13:40:44.701Z,0.9184,trailing-stop,Turtle 20 Breakout
system,VIAV,2026-08-19T13:30:42.807Z,2026-08-19T13:40:44.701Z,-2.5000,stop,Turtle 20 Breakout
system,AXTI,2026-08-19T13:30:42.807Z,2026-08-19T13:40:44.701Z,-2.4000,stop,Relative Strength Leader
system,TEM,2026-08-19T13:35:42.784Z,2026-08-19T13:40:44.701Z,-1.5000,stop,Breakout Engine
system,STX,2026-08-18T16:20:40.478Z,2026-08-19T13:35:42.784Z,-2.7813,sell-signal,RSI Recovery
system,TTMI,2026-08-18T17:59:53.029Z,2026-08-19T13:35:42.784Z,2.0860,trailing-stop,Flow Confirm
system,DFTX,2026-08-17T19:44:57.456Z,2026-08-19T13:30:42.807Z,4.0200,partial-target,Trend Pulse
system,MRVL,2026-08-18T15:45:38.944Z,2026-08-19T13:30:42.807Z,4.5000,target,RSI Recovery
system,CIFR,2026-08-18T18:55:40.807Z,2026-08-19T13:30:42.807Z,0.9054,trailing-stop,Mean Reversion
system,RIOT,2026-08-18T13:30:38.587Z,2026-08-18T19:55:42.016Z,-3.0031,sell-signal,Flow Confirm
system,TTMI,2026-08-18T17:59:53.029Z,2026-08-18T19:45:40.809Z,4.0200,partial-target,Flow Confirm
system,CIFR,2026-08-18T18:55:40.807Z,2026-08-18T19:45:40.809Z,1.4473,partial-target,Mean Reversion
system,COHR,2026-08-18T15:35:39.180Z,2026-08-18T19:35:40.783Z,-0.2171,sell-signal,Flow Confirm
system,CIFR,2026-08-18T17:59:53.029Z,2026-08-18T18:55:40.807Z,-1.8956,stop,Mean Reversion
system,KLAR,2026-08-18T13:35:39.103Z,2026-08-18T17:59:53.029Z,-3.5000,stop,Mean Reversion
system,VSH,2026-08-18T14:51:01.639Z,2026-08-18T17:59:53.029Z,0.5405,sell-signal,Flow Confirm
system,CIEN,2026-08-18T16:34:31.681Z,2026-08-18T17:59:53.029Z,-2.4760,sell-signal,Turtle 20 Breakout
system,CRDO,2026-08-18T15:45:38.944Z,2026-08-18T16:20:40.478Z,-1.3993,sell-signal,RSI Recovery
system,TRGP,2026-08-18T14:35:39.121Z,2026-08-18T15:35:39.180Z,0.3497,sell-signal,Flow Confirm
system,CHTR,2026-08-18T13:30:38.587Z,2026-08-18T15:30:38.806Z,1.4381,sell-signal,Turtle 20 Breakout
system,KLIC,2026-08-18T14:25:38.542Z,2026-08-18T15:00:39.548Z,-3.5000,stop,RSI Recovery
system,LGN,2026-08-18T13:50:38.644Z,2026-08-18T14:55:17.190Z,-0.7597,stop,Mean Reversion
system,COHR,2026-08-18T14:45:39.014Z,2026-08-18T14:51:01.639Z,-0.1938,sell-signal,Flow Confirm
system,TER,2026-08-18T13:30:38.587Z,2026-08-18T14:25:38.542Z,-3.8904,sell-signal,Flow Confirm
system,SEI,2026-08-18T13:30:38.587Z,2026-08-18T14:25:38.542Z,0.7382,sell-signal,Flow Confirm
system,NUVB,2026-08-17T18:40:39.416Z,2026-08-18T14:10:38.594Z,0.3767,trailing-stop,Breakout Engine
system,AXTI,2026-08-18T13:30:38.587Z,2026-08-18T14:05:38.628Z,-0.3389,sell-signal,Connors RSI(2)
system,NUVB,2026-08-17T18:40:39.416Z,2026-08-18T13:55:39.168Z,0.6781,partial-target,Breakout Engine
system,SITM,2026-08-17T14:11:04.435Z,2026-08-18T13:50:38.644Z,-7.0000,stop,Donchian Swing
system,LGN,2026-08-18T13:45:38.827Z,2026-08-18T13:50:38.644Z,-0.6665,stop,Mean Reversion
system,ONTO,2026-08-17T19:40:51.641Z,2026-08-18T13:45:38.827Z,-7.0000,stop,Donchian Swing
system,SMTC,2026-08-18T13:30:38.587Z,2026-08-18T13:45:38.827Z,0.9018,trailing-stop,Connors RSI(2)
system,KEEL,2026-08-18T13:35:39.103Z,2026-08-18T13:45:38.827Z,-2.2000,stop,EMA Reclaim Trend
system,LGN,2026-08-18T13:35:39.103Z,2026-08-18T13:45:38.827Z,-1.3508,stop,Mean Reversion
system,CRCL,2026-08-17T13:55:38.406Z,2026-08-18T13:35:39.103Z,-2.4000,stop,Relative Strength Leader
system,KEEL,2026-08-18T13:30:38.587Z,2026-08-18T13:35:39.103Z,2.9783,sell-signal,Connors RSI(2)
system,STX,2026-08-14T13:45:34.860Z,2026-08-18T13:30:38.587Z,1.9904,trailing-stop,Donchian Swing
system,SEI,2026-08-14T14:28:35.598Z,2026-08-18T13:30:38.587Z,2.4840,trailing-stop,Trend Pulse
system,FIX,2026-08-17T15:05:38.633Z,2026-08-18T13:30:38.587Z,-2.2000,stop,EMA Reclaim Trend
system,CRDO,2026-08-17T16:10:53.183Z,2026-08-18T13:30:38.587Z,-5.0000,stop,Flow Confirm
system,WOLF,2026-08-17T17:10:38.165Z,2026-08-18T13:30:38.587Z,0.9568,trailing-stop,Trend Pulse
system,CIEN,2026-08-17T17:35:38.231Z,2026-08-18T13:30:38.587Z,-2.2000,stop,EMA Reclaim Trend
system,CVNA,2026-08-17T18:25:38.784Z,2026-08-18T13:30:38.587Z,-2.1590,stop,Mean Reversion
system,KKR,2026-08-17T18:55:39.456Z,2026-08-18T13:30:38.587Z,0.4176,trailing-stop,Mean Reversion
system,VICR,2026-08-17T19:44:57.456Z,2026-08-18T13:30:38.587Z,-3.5000,stop,RSI Recovery
system,RVMD,2026-08-17T18:05:40.303Z,2026-08-17T19:44:57.456Z,-1.5000,stop,Breakout Engine
system,CHTR,2026-08-17T19:03:59.880Z,2026-08-17T19:44:57.456Z,-0.5900,sell-signal,Flow Confirm
system,ARMK,2026-08-11T15:48:29.327Z,2026-08-17T19:40:51.641Z,1.1304,trailing-stop,Donchian Swing
system,KKR,2026-08-17T18:55:39.456Z,2026-08-17T19:40:51.641Z,0.6339,partial-target,Mean Reversion
system,WING,2026-08-17T16:20:38.311Z,2026-08-17T19:03:59.880Z,0.4952,sell-signal,Flow Confirm
system,DOCS,2026-08-17T13:30:39.040Z,2026-08-17T18:55:39.456Z,1.8580,sell-signal,Mean Reversion
system,CHTR,2026-08-17T18:30:39.259Z,2026-08-17T18:40:39.416Z,-0.1780,sell-signal,Breakout Engine
system,PRAX,2026-08-17T17:40:38.336Z,2026-08-17T18:30:39.259Z,-2.4313,sell-signal,Connors RSI(2)
system,RDDT,2026-08-17T17:10:38.165Z,2026-08-17T18:25:38.784Z,0.9587,target,Mean Reversion
system,RDDT,2026-08-17T17:10:38.165Z,2026-08-17T18:20:24.449Z,0.5752,partial-target,Mean Reversion
system,VIAV,2026-08-17T17:25:38.337Z,2026-08-17T18:05:40.303Z,0.2666,trailing-stop,Breakout Engine
system,VIAV,2026-08-17T17:25:38.337Z,2026-08-17T17:55:38.405Z,0.4737,partial-target,Breakout Engine
system,MRVL,2026-08-17T17:11:09.223Z,2026-08-17T17:40:38.336Z,-0.6889,sell-signal,Connors RSI(2)
system,KEEL,2026-08-17T14:45:38.321Z,2026-08-17T17:35:38.231Z,1.4906,trailing-stop,EMA Reclaim Trend
system,COHR,2026-08-17T14:59:55.484Z,2026-08-17T17:25:38.337Z,1.0415,trailing-stop,Flow Confirm
system,PRAX,2026-08-17T16:05:38.947Z,2026-08-17T17:11:09.223Z,0.7866,target,Breakout Engine
system,KVYO,2026-08-17T15:55:18.154Z,2026-08-17T17:10:38.165Z,0.3602,trailing-stop,Mean Reversion
system,FTAI,2026-08-17T15:55:39.167Z,2026-08-17T17:10:38.165Z,0.7739,trailing-stop,Breakout Engine
system,KEEL,2026-08-17T14:45:38.321Z,2026-08-17T16:45:37.965Z,2.0400,partial-target,EMA Reclaim Trend
system,KVYO,2026-08-17T15:55:18.154Z,2026-08-17T16:45:37.965Z,0.6348,partial-target,Mean Reversion
system,PRAX,2026-08-17T16:05:38.947Z,2026-08-17T16:40:40.468Z,0.4720,partial-target,Breakout Engine
system,ARGX,2026-08-17T13:35:38.211Z,2026-08-17T16:20:38.311Z,2.6783,sell-signal,Breakout Engine
system,BE,2026-08-17T14:45:38.321Z,2026-08-17T16:10:53.183Z,-4.0735,sell-signal,Flow Confirm
system,FTAI,2026-08-17T15:55:39.167Z,2026-08-17T16:10:53.183Z,1.0684,partial-target,Breakout Engine
system,WDC,2026-08-17T15:45:38.213Z,2026-08-17T16:05:38.947Z,-0.5082,sell-signal,Connors RSI(2)
system,AXTI,2026-08-17T15:50:38.252Z,2026-08-17T15:55:39.167Z,0.8280,sell-signal,Connors RSI(2)
system,OSCR,2026-08-17T13:40:38.657Z,2026-08-17T15:55:18.154Z,1.3463,trailing-stop,Mean Reversion
system,AXTI,2026-08-17T14:15:39.258Z,2026-08-17T15:50:38.252Z,1.1197,trailing-stop,Flow Confirm
system,SNDK,2026-08-17T13:55:38.406Z,2026-08-17T15:45:38.213Z,1.2959,trailing-stop,Breakout Engine
system,LUNR,2026-08-17T13:55:38.406Z,2026-08-17T15:05:38.633Z,1.3801,trailing-stop,EMA Reclaim Trend
system,PRAX,2026-08-17T14:45:38.321Z,2026-08-17T14:59:55.484Z,-0.3426,sell-signal,Flow Confirm
system,VIAV,2026-08-17T13:40:38.657Z,2026-08-17T14:45:38.321Z,2.9508,target,Breakout Engine
system,MRVL,2026-08-17T13:41:09.335Z,2026-08-17T14:45:38.321Z,1.4427,sell-signal,Flow Confirm
system,LITE,2026-08-17T14:20:38.502Z,2026-08-17T14:45:38.321Z,3.4000,target,EMA Reclaim Trend
system,GDDY,2026-08-17T13:30:39.040Z,2026-08-17T14:35:37.776Z,0.4599,trailing-stop,Mean Reversion
system,LITE,2026-08-17T14:20:38.502Z,2026-08-17T14:35:37.776Z,2.0400,partial-target,EMA Reclaim Trend
system,LITE,2026-08-14T14:18:35.898Z,2026-08-17T14:20:38.502Z,1.0317,trailing-stop,Flow Confirm
system,LUNR,2026-08-17T13:55:38.406Z,2026-08-17T14:20:38.502Z,2.0400,partial-target,EMA Reclaim Trend
system,GDDY,2026-08-17T13:30:39.040Z,2026-08-17T14:15:39.258Z,0.9844,partial-target,Mean Reversion
system,OSCR,2026-08-17T13:40:38.657Z,2026-08-17T14:15:39.258Z,2.4096,partial-target,Mean Reversion
system,WOLF,2026-08-17T13:40:38.657Z,2026-08-17T14:15:39.258Z,1.5924,trailing-stop,Relative Strength Leader
system,AXTI,2026-08-17T13:41:09.335Z,2026-08-17T14:11:04.435Z,6.7000,target,Flow Confirm
system,HUBS,2026-08-17T13:30:39.040Z,2026-08-17T13:55:38.406Z,-1.1191,sell-signal,Connors RSI(2)
system,RDDT,2026-08-17T13:30:39.040Z,2026-08-17T13:55:38.406Z,-3.6969,sell-signal,Trend Pulse
system,VIAV,2026-08-17T13:40:38.657Z,2026-08-17T13:55:38.406Z,1.7705,partial-target,Breakout Engine
system,KEEL,2026-08-17T13:50:38.125Z,2026-08-17T13:55:38.406Z,-1.5000,stop,Breakout Engine
system,SEI,2026-08-14T14:28:35.598Z,2026-08-17T13:50:38.125Z,4.0200,partial-target,Trend Pulse
system,KEEL,2026-08-17T13:40:38.657Z,2026-08-17T13:50:38.125Z,3.4703,target,Breakout Engine
system,WOLF,2026-08-17T13:40:38.657Z,2026-08-17T13:50:38.125Z,2.4000,partial-target,Relative Strength Leader
system,AXTI,2026-08-17T13:41:09.335Z,2026-08-17T13:50:38.125Z,4.0200,partial-target,Flow Confirm
system,NBIS,2026-08-12T13:43:33.386Z,2026-08-17T13:41:09.335Z,19.7024,sell-signal,EMA Pullback Swing
system,OSCR,2026-08-12T19:48:33.513Z,2026-08-17T13:40:38.657Z,5.1941,trailing-stop,EMA Pullback Swing
system,AAOI,2026-08-14T15:09:16.303Z,2026-08-17T13:40:38.657Z,1.3587,trailing-stop,Flow Confirm
system,WOLF,2026-08-17T13:35:38.211Z,2026-08-17T13:40:38.657Z,-1.5000,stop,Breakout Engine
system,CRDO,2026-08-17T13:36:30.973Z,2026-08-17T13:40:38.657Z,-1.5000,stop,Breakout Engine
system,FCEL,2026-08-14T17:58:35.241Z,2026-08-17T13:36:30.973Z,-1.9815,sell-signal,EMA Reclaim Trend
system,RBRK,2026-08-14T13:30:37.611Z,2026-08-17T13:35:38.211Z,-2.9999,sell-signal,Trend Pulse
system,TWLO,2026-08-14T15:45:35.150Z,2026-08-17T13:35:38.211Z,-1.8305,sell-signal,RSI Recovery
system,VIK,2026-08-14T19:38:37.376Z,2026-08-17T13:35:38.211Z,1.3209,target,Mean Reversion
system,GLW,2026-08-14T13:31:07.820Z,2026-08-17T13:30:39.040Z,4.5000,target,RSI Recovery
system,FRMI,2026-08-14T13:53:35.418Z,2026-08-17T13:30:39.040Z,-1.9004,stop,Mean Reversion
system,WING,2026-08-14T19:15:34.722Z,2026-08-17T13:30:39.040Z,-0.8929,sell-signal,EMA Reclaim Trend
system,LUMN,2026-08-14T19:45:35.850Z,2026-08-17T13:30:39.040Z,-1.5000,stop,Breakout Engine
system,AVGO,2026-08-14T15:05:35.150Z,2026-08-14T19:48:35.843Z,-0.2608,sell-signal,Mean Reversion
system,ESTA,2026-08-14T18:08:35.248Z,2026-08-14T19:45:35.850Z,-0.5598,sell-signal,EMA Reclaim Trend
system,MSTR,2026-08-14T19:13:35.703Z,2026-08-14T19:38:37.376Z,0.8840,target,Mean Reversion
system,MSTR,2026-08-14T19:13:35.703Z,2026-08-14T19:30:34.879Z,0.5304,partial-target,Mean Reversion
system,KEEL,2026-08-14T17:53:35.341Z,2026-08-14T19:15:34.722Z,-0.8182,sell-signal,Breakout Engine
system,HUT,2026-08-14T13:38:36.908Z,2026-08-14T19:13:35.703Z,1.9164,trailing-stop,RSI Recovery
system,MP,2026-08-14T13:40:35.063Z,2026-08-14T18:08:35.248Z,2.5987,trailing-stop,Donchian Swing
system,CPRT,2026-08-14T14:55:35.092Z,2026-08-14T17:58:35.241Z,0.6381,sell-signal,Flow Confirm
system,ONDS,2026-08-14T14:38:35.681Z,2026-08-14T17:53:35.341Z,-2.6979,sell-signal,Trend Pulse
system,HUT,2026-08-14T13:38:36.908Z,2026-08-14T17:10:34.115Z,2.7000,partial-target,RSI Recovery
system,TWLO,2026-08-14T14:55:35.092Z,2026-08-14T15:45:35.150Z,2.0736,target,Mean Reversion
system,TWLO,2026-08-14T14:55:35.092Z,2026-08-14T15:35:35.897Z,1.2442,partial-target,Mean Reversion
system,AAOI,2026-08-14T14:18:35.898Z,2026-08-14T15:09:16.303Z,1.9292,trailing-stop,Flow Confirm
system,AG,2026-08-14T13:35:35.270Z,2026-08-14T15:05:35.150Z,-0.8436,sell-signal,Breakout Engine
system,VIAV,2026-08-12T19:13:41.952Z,2026-08-14T14:55:35.092Z,1.1416,sell-signal,Flow Confirm
system,CPRT,2026-08-14T13:33:37.530Z,2026-08-14T14:55:35.092Z,2.4795,target,Breakout Engine
system,AXTI,2026-08-12T15:52:12.731Z,2026-08-14T14:38:35.681Z,6.7000,target,Trend Pulse
system,CPRT,2026-08-14T13:33:37.530Z,2026-08-14T14:38:35.681Z,1.4877,partial-target,Breakout Engine
system,AAOI,2026-08-14T14:18:35.898Z,2026-08-14T14:38:35.681Z,4.0200,partial-target,Flow Confirm
system,SNDK,2026-08-14T13:33:37.530Z,2026-08-14T14:28:35.598Z,2.3281,trailing-stop,Trend Pulse
system,WEN,2026-08-12T19:35:32.873Z,2026-08-14T14:18:35.898Z,1.6519,sell-signal,Flow Confirm
system,LITE,2026-08-12T19:55:32.533Z,2026-08-14T14:18:35.898Z,1.1597,trailing-stop,Flow Confirm
system,SNDK,2026-08-14T13:33:37.530Z,2026-08-14T14:05:35.276Z,4.0200,partial-target,Trend Pulse
system,FRMI,2026-08-14T13:30:37.611Z,2026-08-14T13:53:35.418Z,-2.2518,stop,Mean Reversion
system,AXTI,2026-08-12T15:52:12.731Z,2026-08-14T13:48:35.671Z,4.0200,partial-target,Trend Pulse
system,GLW,2026-08-14T13:31:07.820Z,2026-08-14T13:48:35.671Z,2.7000,partial-target,RSI Recovery
system,ZBRA,2026-08-04T13:45:30.166Z,2026-08-14T13:45:34.860Z,8.7467,time,Donchian Swing
system,JHX,2026-08-07T13:55:40.509Z,2026-08-14T13:40:35.063Z,0.9853,trailing-stop,Donchian Swing
system,HUT,2026-08-14T13:30:37.611Z,2026-08-14T13:38:36.908Z,3.2350,target,Mean Reversion
system,HUT,2026-08-14T13:30:37.611Z,2026-08-14T13:35:35.270Z,1.9410,partial-target,Mean Reversion
system,DELL,2026-08-12T17:55:32.298Z,2026-08-14T13:33:37.530Z,4.3669,sell-signal,EMA Pullback Swing
system,VICR,2026-08-12T19:38:33.271Z,2026-08-14T13:33:37.530Z,0.3375,sell-signal,Trend Pulse
system,ONDS,2026-08-14T13:30:37.611Z,2026-08-14T13:33:37.530Z,-2.5574,sell-signal,Darvas Box Breakout
system,SMCI,2026-08-12T19:55:32.533Z,2026-08-14T13:31:07.820Z,5.7978,sell-signal,Connors RSI(2)
system,GLXY,2026-08-12T14:18:32.742Z,2026-08-14T13:30:37.611Z,-1.9114,sell-signal,Trend Pulse
system,ACHR,2026-08-12T14:58:32.802Z,2026-08-14T13:30:37.611Z,2.4386,target,Mean Reversion
system,COHR,2026-08-12T16:15:44.692Z,2026-08-14T13:30:37.611Z,-2.4000,stop,Relative Strength Leader
system,CORZ,2026-08-12T19:48:33.513Z,2026-08-14T13:30:37.611Z,-3.5000,stop,Connors RSI(2)
system,DOCN,2026-08-12T15:18:32.551Z,2026-08-12T19:55:32.533Z,-1.7046,sell-signal,Flow Confirm
system,KEEL,2026-08-12T15:28:33.706Z,2026-08-12T19:55:32.533Z,-1.1029,sell-signal,EMA Reclaim Trend
system,FN,2026-08-12T19:23:33.117Z,2026-08-12T19:48:33.513Z,-0.1122,sell-signal,Connors RSI(2)
system,MXL,2026-08-12T19:23:33.117Z,2026-08-12T19:48:33.513Z,-0.4387,sell-signal,Connors RSI(2)
system,SNDK,2026-08-12T17:58:32.857Z,2026-08-12T19:38:33.271Z,-2.7714,sell-signal,Trend Pulse
system,FTI,2026-08-12T19:18:33.052Z,2026-08-12T19:35:32.873Z,0.0067,sell-signal,Connors RSI(2)
system,FCEL,2026-08-12T18:38:33.112Z,2026-08-12T19:23:33.117Z,-2.1267,sell-signal,Flow Confirm
system,LGN,2026-08-12T19:08:33.608Z,2026-08-12T19:23:33.117Z,0.4251,sell-signal,Connors RSI(2)
system,FTI,2026-08-11T13:30:44.164Z,2026-08-12T19:18:33.052Z,1.4081,trailing-stop,EMA Reclaim Trend
system,CRDO,2026-08-12T19:03:33.237Z,2026-08-12T19:13:41.952Z,0.1436,sell-signal,Connors RSI(2)
system,LITE,2026-08-12T18:43:33.164Z,2026-08-12T19:08:33.608Z,-0.9594,sell-signal,Connors RSI(2)
system,NOK,2026-08-12T18:58:33.534Z,2026-08-12T19:03:33.237Z,0.1454,sell-signal,Connors RSI(2)
system,CORZ,2026-08-12T17:15:32.338Z,2026-08-12T18:58:33.534Z,0.9518,trailing-stop,EMA Reclaim Trend
system,CRDO,2026-08-12T15:08:33.008Z,2026-08-12T18:43:33.164Z,2.6888,sell-signal,Flow Confirm
system,CIEN,2026-08-12T18:23:32.997Z,2026-08-12T18:38:33.112Z,-0.0430,sell-signal,Connors RSI(2)
system,CORZ,2026-08-12T17:15:32.338Z,2026-08-12T18:35:32.586Z,2.0400,partial-target,EMA Reclaim Trend
system,SPHR,2026-08-12T17:13:32.992Z,2026-08-12T18:23:32.997Z,-0.3501,sell-signal,Flow Confirm
system,PFGC,2026-08-12T15:03:32.980Z,2026-08-12T17:58:32.857Z,1.7133,trailing-stop,RSI Recovery
system,SNDK,2026-08-12T17:53:33.031Z,2026-08-12T17:55:32.298Z,-0.2924,sell-signal,EMA Pullback Swing
system,FCEL,2026-08-12T14:03:32.494Z,2026-08-12T17:53:33.031Z,6.7000,target,Trend Pulse
system,WEN,2026-08-12T17:03:32.850Z,2026-08-12T17:15:32.338Z,0.0000,sell-signal,Connors RSI(2)
system,DFTX,2026-08-12T15:52:12.731Z,2026-08-12T17:13:32.992Z,-2.2000,stop,EMA Reclaim Trend
system,STX,2026-08-12T17:00:33.858Z,2026-08-12T17:03:32.850Z,0.1650,sell-signal,Connors RSI(2)
system,VIAV,2026-08-12T16:15:44.692Z,2026-08-12T17:00:33.858Z,0.1644,sell-signal,Flow Confirm
system,FCEL,2026-08-12T14:03:32.494Z,2026-08-12T16:53:32.887Z,4.0200,partial-target,Trend Pulse
system,CIEN,2026-08-12T13:40:31.682Z,2026-08-12T16:15:44.692Z,6.6116,sell-signal,Flow Confirm
system,SNDK,2026-08-12T16:08:39.160Z,2026-08-12T16:15:44.692Z,-0.7530,sell-signal,EMA Pullback Swing
system,WEN,2026-08-12T16:01:15.266Z,2026-08-12T16:08:39.160Z,1.0523,sell-signal,Connors RSI(2)
system,SNDK,2026-08-12T15:52:12.731Z,2026-08-12T16:01:15.266Z,-0.0468,sell-signal,EMA Pullback Swing
system,ACM,2026-08-12T13:30:32.834Z,2026-08-12T15:52:12.731Z,-3.5000,stop,Mean Reversion
system,MU,2026-08-12T13:53:33.439Z,2026-08-12T15:52:12.731Z,-0.3732,sell-signal,Breakout Engine
system,SNDK,2026-08-12T13:55:31.899Z,2026-08-12T15:52:12.731Z,0.9776,sell-signal,Breakout Engine
system,PFGC,2026-08-12T15:03:32.980Z,2026-08-12T15:35:32.218Z,2.7000,partial-target,RSI Recovery
system,LITE,2026-08-12T14:13:32.329Z,2026-08-12T15:28:33.706Z,6.7000,target,Trend Pulse
system,NOK,2026-08-12T13:33:33.368Z,2026-08-12T15:18:32.551Z,-0.6721,sell-signal,Flow Confirm
system,KEEL,2026-08-12T14:28:32.689Z,2026-08-12T15:08:33.008Z,-0.8253,sell-signal,Flow Confirm
system,CIFR,2026-08-12T14:30:31.825Z,2026-08-12T15:03:32.980Z,-2.3802,sell-signal,Connors RSI(2)
system,LITE,2026-08-12T14:13:32.329Z,2026-08-12T14:58:32.802Z,4.0200,partial-target,Trend Pulse
system,AR,2026-08-12T14:48:37.565Z,2026-08-12T14:58:32.802Z,0.1199,sell-signal,Connors RSI(2)
system,AR,2026-08-10T19:58:27.735Z,2026-08-12T14:48:37.565Z,1.2822,trailing-stop,EMA Reclaim Trend
system,IREN,2026-08-12T13:48:41.315Z,2026-08-12T14:30:31.825Z,-1.5000,stop,Breakout Engine
system,BE,2026-08-12T13:38:33.936Z,2026-08-12T14:28:32.689Z,-0.9969,sell-signal,Flow Confirm
system,SMR,2026-08-12T13:30:32.834Z,2026-08-12T14:18:32.742Z,-3.8090,sell-signal,Trend Pulse
system,ARES,2026-08-11T17:05:45.386Z,2026-08-12T14:13:32.329Z,-2.3762,sell-signal,Trend Pulse
system,TWST,2026-08-10T19:55:44.180Z,2026-08-12T14:03:32.494Z,-2.9100,sell-signal,Trend Pulse
system,CIEN,2026-08-12T13:40:31.682Z,2026-08-12T13:55:31.899Z,4.0200,partial-target,Flow Confirm
system,FCEL,2026-08-12T13:48:41.315Z,2026-08-12T13:55:31.899Z,-1.5000,stop,Breakout Engine
system,DOCN,2026-08-12T13:45:31.674Z,2026-08-12T13:53:33.439Z,-1.5000,stop,Breakout Engine
system,CRWV,2026-08-12T13:35:32.015Z,2026-08-12T13:48:41.315Z,-1.5000,stop,Breakout Engine
system,PFGC,2026-08-12T13:40:31.682Z,2026-08-12T13:48:41.315Z,-0.6934,stop,Mean Reversion
system,APP,2026-08-12T13:30:32.834Z,2026-08-12T13:45:31.674Z,-1.0535,stop,Mean Reversion
system,DOCN,2026-08-12T13:30:32.834Z,2026-08-12T13:43:33.386Z,3.3359,target,Breakout Engine
system,ONON,2026-08-11T19:51:05.123Z,2026-08-12T13:40:31.682Z,1.0524,trailing-stop,Flow Confirm
system,NBIS,2026-08-12T13:35:32.015Z,2026-08-12T13:40:31.682Z,0.9052,trailing-stop,Breakout Engine
system,BE,2026-08-12T13:31:03.615Z,2026-08-12T13:38:33.936Z,1.5185,trailing-stop,Flow Confirm
system,KKR,2026-08-12T13:30:32.834Z,2026-08-12T13:35:32.015Z,-1.2758,sell-signal,Breakout Engine
system,P,2026-08-12T13:30:32.834Z,2026-08-12T13:35:32.015Z,-1.5000,stop,Breakout Engine
system,CRCL,2026-08-11T14:33:29.064Z,2026-08-12T13:33:33.368Z,-2.4000,stop,Relative Strength Leader
system,DOCN,2026-08-12T13:30:32.834Z,2026-08-12T13:33:33.368Z,2.0016,partial-target,Breakout Engine
system,MIDD,2026-08-12T13:30:32.834Z,2026-08-12T13:31:03.615Z,-0.8734,stop,Mean Reversion
system,FTI,2026-08-11T13:30:44.164Z,2026-08-12T13:30:32.834Z,2.0400,partial-target,EMA Reclaim Trend
system,NBIS,2026-08-11T14:18:29.000Z,2026-08-12T13:30:32.834Z,6.7000,target,Trend Pulse
system,DFTX,2026-08-11T15:25:52.846Z,2026-08-12T13:30:32.834Z,2.1498,target,Mean Reversion
system,ONTO,2026-08-11T18:05:45.836Z,2026-08-12T13:30:32.834Z,4.0000,target,Relative Strength Leader
system,P,2026-08-11T19:05:47.207Z,2026-08-12T13:30:32.834Z,1.8027,target,Breakout Engine
system,DOCN,2026-08-11T19:51:05.123Z,2026-08-12T13:30:32.834Z,2.4857,target,Mean Reversion
system,WING,2026-08-11T19:51:05.123Z,2026-08-12T13:30:32.834Z,1.1245,target,Mean Reversion
system,KKR,2026-08-11T19:58:30.714Z,2026-08-12T13:30:32.834Z,0.2305,target,Breakout Engine
system,CHRD,2026-08-11T13:38:28.817Z,2026-08-11T19:58:30.714Z,0.7892,sell-signal,EMA Reclaim Trend
system,PRIM,2026-08-11T18:50:47.332Z,2026-08-11T19:51:05.123Z,0.6650,target,Mean Reversion
system,FORM,2026-08-11T19:00:46.387Z,2026-08-11T19:51:05.123Z,0.7842,target,Breakout Engine
system,P,2026-08-11T19:05:47.207Z,2026-08-11T19:51:05.123Z,1.0816,partial-target,Breakout Engine
system,VSXY,2026-08-11T19:30:47.066Z,2026-08-11T19:51:05.123Z,0.7118,target,Mean Reversion
system,FORM,2026-08-11T19:00:46.387Z,2026-08-11T19:48:31.228Z,0.4705,partial-target,Breakout Engine
system,VSXY,2026-08-11T19:30:47.066Z,2026-08-11T19:38:31.878Z,0.4271,partial-target,Mean Reversion
system,PRIM,2026-08-11T18:50:47.332Z,2026-08-11T19:35:49.198Z,0.3990,partial-target,Mean Reversion
system,ONON,2026-08-11T19:05:47.207Z,2026-08-11T19:30:47.066Z,0.8605,target,Mean Reversion
system,ONON,2026-08-11T19:05:47.207Z,2026-08-11T19:28:31.176Z,0.5163,partial-target,Mean Reversion
system,B,2026-08-11T18:00:45.232Z,2026-08-11T19:05:47.207Z,0.1997,trailing-stop,Mean Reversion
system,P,2026-08-11T18:40:45.564Z,2026-08-11T19:05:47.207Z,1.1192,target,Breakout Engine
system,FRMI,2026-08-11T18:30:46.256Z,2026-08-11T19:00:46.387Z,0.0700,sell-signal,Flow Confirm
system,P,2026-08-11T18:40:45.564Z,2026-08-11T18:55:46.850Z,0.6715,partial-target,Breakout Engine
system,PRIM,2026-08-11T14:25:44.747Z,2026-08-11T18:50:47.332Z,-3.5963,sell-signal,Flow Confirm
system,AS,2026-08-11T18:13:29.698Z,2026-08-11T18:40:45.564Z,0.1670,trailing-stop,Mean Reversion
system,B,2026-08-11T18:00:45.232Z,2026-08-11T18:38:28.759Z,0.3451,partial-target,Mean Reversion
system,KKR,2026-08-11T16:15:45.498Z,2026-08-11T18:30:46.256Z,0.5157,sell-signal,Breakout Engine
system,AS,2026-08-11T18:13:29.698Z,2026-08-11T18:30:46.256Z,0.2846,partial-target,Mean Reversion
system,AR,2026-08-10T19:58:27.735Z,2026-08-11T18:13:29.698Z,2.0400,partial-target,EMA Reclaim Trend
system,MIDD,2026-08-11T17:58:29.647Z,2026-08-11T18:13:29.698Z,1.0805,target,Mean Reversion
system,MNST,2026-08-11T16:28:29.549Z,2026-08-11T18:05:45.836Z,-0.2942,sell-signal,Flow Confirm
system,B,2026-08-10T13:33:30.311Z,2026-08-11T18:00:45.232Z,1.6185,trailing-stop,Mean Reversion
system,AS,2026-08-11T17:23:29.245Z,2026-08-11T17:58:29.647Z,0.3141,trailing-stop,Mean Reversion
system,AS,2026-08-11T17:23:29.245Z,2026-08-11T17:43:29.366Z,0.4264,partial-target,Mean Reversion
system,MELI,2026-08-11T16:30:44.343Z,2026-08-11T17:23:29.245Z,-0.9742,sell-signal,Flow Confirm
system,ONON,2026-08-11T13:33:59.699Z,2026-08-11T17:05:45.386Z,1.9630,trailing-stop,Mean Reversion
system,GNRC,2026-08-11T14:25:44.747Z,2026-08-11T16:30:44.343Z,-1.0682,sell-signal,Flow Confirm
system,CAH,2026-08-11T13:55:44.943Z,2026-08-11T16:28:29.549Z,-4.0953,sell-signal,Trend Pulse
system,MPC,2026-08-11T14:23:28.810Z,2026-08-11T16:15:45.498Z,1.2787,sell-signal,Flow Confirm
system,SE,2026-08-11T13:43:29.207Z,2026-08-11T15:48:29.327Z,1.0790,trailing-stop,Breakout Engine
system,ACM,2026-08-11T13:41:09.015Z,2026-08-11T15:25:52.846Z,2.8904,trailing-stop,Mean Reversion
system,CIFR,2026-08-11T14:18:29.000Z,2026-08-11T14:33:29.064Z,-2.4000,stop,Relative Strength Leader
system,ACM,2026-08-11T13:41:09.015Z,2026-08-11T14:25:44.747Z,5.5532,partial-target,Mean Reversion
system,RIOT,2026-08-11T13:50:45.361Z,2026-08-11T14:25:44.747Z,-3.5449,stop,Relative Strength Leader
system,CRCL,2026-08-11T14:13:28.962Z,2026-08-11T14:25:44.747Z,-1.3641,stop,Breakout Engine
system,MPC,2026-08-11T13:35:52.077Z,2026-08-11T14:23:28.810Z,1.3089,target,Breakout Engine
system,ARW,2026-08-07T19:58:25.939Z,2026-08-11T14:18:29.000Z,1.6567,sell-signal,EMA Pullback Swing
system,BLLN,2026-08-10T14:03:28.587Z,2026-08-11T14:18:29.000Z,-2.2365,sell-signal,Trend Pulse
system,CRCL,2026-08-11T13:58:29.724Z,2026-08-11T14:13:28.962Z,3.4321,target,Breakout Engine
system,CRCL,2026-08-11T13:58:29.724Z,2026-08-11T14:10:51.326Z,2.0593,partial-target,Breakout Engine
system,MPC,2026-08-11T13:35:52.077Z,2026-08-11T14:00:48.628Z,0.7853,partial-target,Breakout Engine
system,KVYO,2026-08-11T13:35:44.007Z,2026-08-11T13:58:29.724Z,1.2246,target,Breakout Engine
system,MP,2026-08-10T13:58:28.174Z,2026-08-11T13:55:44.943Z,-2.7991,sell-signal,Trend Pulse
system,KVYO,2026-08-11T13:35:44.007Z,2026-08-11T13:55:44.943Z,0.7348,partial-target,Breakout Engine
system,MUSA,2026-08-10T19:53:27.654Z,2026-08-11T13:50:45.361Z,0.9985,sell-signal,EMA Pullback Swing
system,MNST,2026-08-11T13:33:29.295Z,2026-08-11T13:43:29.207Z,-0.5560,sell-signal,Breakout Engine
system,JBS,2026-08-10T19:35:52.124Z,2026-08-11T13:41:09.015Z,-1.4941,stop,Mean Reversion
system,FCEL,2026-08-11T13:33:29.295Z,2026-08-11T13:38:28.817Z,-2.4000,stop,Relative Strength Leader
system,MPC,2026-08-11T13:30:44.164Z,2026-08-11T13:35:52.077Z,0.8341,target,Breakout Engine
system,KVYO,2026-08-11T13:30:44.164Z,2026-08-11T13:35:44.007Z,0.7545,target,Breakout Engine
system,MXL,2026-08-10T19:55:52.123Z,2026-08-11T13:33:59.699Z,0.6275,trailing-stop,Mean Reversion
system,MPC,2026-08-11T13:30:44.164Z,2026-08-11T13:33:59.699Z,0.5005,partial-target,Breakout Engine
system,APA,2026-08-10T15:30:46.782Z,2026-08-11T13:33:29.295Z,1.1323,trailing-stop,Flow Confirm
system,P,2026-08-11T13:30:44.164Z,2026-08-11T13:33:29.295Z,-1.5000,stop,Breakout Engine
system,KVYO,2026-08-11T13:30:44.164Z,2026-08-11T13:33:29.295Z,0.4527,partial-target,Breakout Engine
system,AKAM,2026-08-10T16:44:38.433Z,2026-08-11T13:30:44.164Z,-0.2546,sell-signal,EMA Reclaim Trend
system,KEEL,2026-08-10T19:05:44.050Z,2026-08-11T13:30:44.164Z,-0.1418,sell-signal,Flow Confirm
system,DAR,2026-08-10T19:15:44.185Z,2026-08-11T13:30:44.164Z,-1.3673,sell-signal,EMA Reclaim Trend
system,DDOG,2026-08-10T19:20:44.945Z,2026-08-11T13:30:44.164Z,-1.3691,sell-signal,Flow Confirm
system,MXL,2026-08-10T19:55:52.123Z,2026-08-11T13:30:44.164Z,0.9011,partial-target,Mean Reversion
system,P,2026-08-10T15:25:43.557Z,2026-08-10T19:58:27.735Z,-1.2336,sell-signal,EMA Reclaim Trend
system,RELY,2026-08-10T19:43:27.910Z,2026-08-10T19:55:52.123Z,1.0636,target,Mean Reversion
system,VSXY,2026-08-10T13:35:45.235Z,2026-08-10T19:55:44.180Z,1.5694,trailing-stop,Trend Pulse
system,RBRK,2026-08-10T15:20:46.710Z,2026-08-10T19:53:27.654Z,0.9848,trailing-stop,Donchian Swing
system,RELY,2026-08-10T19:43:27.910Z,2026-08-10T19:53:27.654Z,0.6382,partial-target,Mean Reversion
system,VRSK,2026-08-10T19:08:28.582Z,2026-08-10T19:43:27.910Z,0.5631,target,Mean Reversion
system,VRSK,2026-08-10T19:08:28.582Z,2026-08-10T19:40:44.157Z,0.3379,partial-target,Mean Reversion
system,WEN,2026-08-10T19:08:28.582Z,2026-08-10T19:35:52.124Z,0.6099,target,Mean Reversion
system,WEN,2026-08-10T19:08:28.582Z,2026-08-10T19:35:43.915Z,0.3660,partial-target,Mean Reversion
system,BTDR,2026-08-10T18:58:28.324Z,2026-08-10T19:20:44.945Z,-1.1641,sell-signal,Flow Confirm
system,LUMN,2026-08-10T18:40:44.661Z,2026-08-10T19:15:44.185Z,-1.4264,sell-signal,EMA Reclaim Trend
system,CDE,2026-08-07T16:10:43.375Z,2026-08-10T19:08:28.582Z,4.0000,target,Relative Strength Leader
system,TTD,2026-08-10T14:13:29.345Z,2026-08-10T19:08:28.582Z,1.9342,sell-signal,Mean Reversion
system,ABNB,2026-08-07T18:33:25.272Z,2026-08-10T19:05:44.050Z,5.8946,sell-signal,Flow Confirm
system,MAZE,2026-08-10T17:18:28.446Z,2026-08-10T18:58:28.324Z,-0.3175,sell-signal,Flow Confirm
system,BTDR,2026-08-10T18:28:28.339Z,2026-08-10T18:40:44.661Z,1.6735,target,Mean Reversion
system,BTDR,2026-08-10T18:28:28.339Z,2026-08-10T18:33:28.350Z,1.0041,partial-target,Mean Reversion
system,CELH,2026-08-10T14:28:28.852Z,2026-08-10T18:28:28.339Z,0.9549,trailing-stop,RSI Recovery
system,BTDR,2026-08-10T16:44:38.433Z,2026-08-10T17:18:28.446Z,-1.3889,sell-signal,Flow Confirm
system,CORZ,2026-08-10T15:35:44.519Z,2026-08-10T16:44:38.433Z,0.5888,trailing-stop,Mean Reversion
system,RIG,2026-08-10T16:09:58.872Z,2026-08-10T16:44:38.433Z,-0.3506,sell-signal,Flow Confirm
system,TENB,2026-08-10T15:30:46.782Z,2026-08-10T16:09:58.872Z,-0.4477,sell-signal,Flow Confirm
system,CORZ,2026-08-10T15:35:44.519Z,2026-08-10T15:50:59.922Z,1.0469,partial-target,Mean Reversion
system,SIMO,2026-08-10T13:33:30.311Z,2026-08-10T15:35:44.519Z,-3.5000,stop,Mean Reversion
system,AKAM,2026-08-10T14:23:28.706Z,2026-08-10T15:30:46.782Z,-0.8484,sell-signal,Flow Confirm
system,DDOG,2026-08-10T14:40:45.315Z,2026-08-10T15:30:46.782Z,0.1121,sell-signal,Flow Confirm
system,KEEL,2026-08-10T14:23:28.706Z,2026-08-10T15:25:43.557Z,-3.5000,stop,RSI Recovery
system,SPCX,2026-08-07T14:50:40.494Z,2026-08-10T15:20:46.710Z,2.8546,trailing-stop,Donchian Swing
system,CDE,2026-08-07T16:10:43.375Z,2026-08-10T15:15:46.269Z,2.4000,partial-target,Relative Strength Leader
system,ABNB,2026-08-07T18:33:25.272Z,2026-08-10T14:48:28.325Z,4.0200,partial-target,Flow Confirm
system,P,2026-08-10T13:40:43.538Z,2026-08-10T14:40:45.315Z,2.2741,trailing-stop,Flow Confirm
system,ACHR,2026-08-10T14:10:45.646Z,2026-08-10T14:28:28.852Z,-3.1856,stop,Turtle 20 Breakout
system,VSH,2026-08-10T13:30:48.009Z,2026-08-10T14:23:28.706Z,-2.7975,sell-signal,Flow Confirm
system,AAOI,2026-08-10T14:18:28.257Z,2026-08-10T14:23:28.706Z,-3.4800,stop,EMA Reclaim Trend
system,AAOI,2026-08-10T13:50:47.337Z,2026-08-10T14:18:28.257Z,1.1193,trailing-stop,EMA Reclaim Trend
system,DOCS,2026-08-10T13:33:30.311Z,2026-08-10T14:13:29.345Z,1.4976,trailing-stop,Mean Reversion
system,ACHR,2026-08-10T13:40:43.538Z,2026-08-10T14:10:45.646Z,7.4656,target,Breakout Engine
system,RUN,2026-08-07T16:05:43.256Z,2026-08-10T14:03:28.587Z,-2.9946,sell-signal,Trend Pulse
system,P,2026-08-10T13:40:43.538Z,2026-08-10T14:00:51.624Z,4.0200,partial-target,Flow Confirm
system,BWA,2026-08-05T18:55:34.533Z,2026-08-10T13:58:28.174Z,1.0439,trailing-stop,Trend Pulse
system,VRTX,2026-08-10T13:33:30.311Z,2026-08-10T13:50:47.337Z,-1.5000,stop,Breakout Engine
system,ACHR,2026-08-10T13:40:43.538Z,2026-08-10T13:50:47.337Z,4.4794,partial-target,Breakout Engine
system,ONTO,2026-08-07T14:08:22.967Z,2026-08-10T13:40:43.538Z,1.7324,trailing-stop,Relative Strength Leader
system,WOLF,2026-08-10T13:30:55.421Z,2026-08-10T13:40:43.538Z,-5.0000,stop,Flow Confirm
system,AXTI,2026-08-07T16:28:23.397Z,2026-08-10T13:35:45.235Z,1.2855,trailing-stop,Trend Pulse
system,AU,2026-08-07T15:53:23.238Z,2026-08-10T13:33:30.311Z,-2.0344,sell-signal,EMA Reclaim Trend
system,RKLB,2026-08-07T16:28:23.397Z,2026-08-10T13:33:30.311Z,3.4000,target,EMA Reclaim Trend
system,DAVE,2026-08-07T19:45:41.874Z,2026-08-10T13:33:30.311Z,-1.7771,stop,Mean Reversion
system,DOCS,2026-08-10T13:30:48.009Z,2026-08-10T13:33:30.311Z,-3.5000,stop,Mean Reversion
system,AAOI,2026-08-07T16:15:43.877Z,2026-08-10T13:30:55.421Z,4.1909,target,EMA Reclaim Trend
system,ONTO,2026-08-07T14:08:22.967Z,2026-08-10T13:30:48.009Z,2.4000,partial-target,Relative Strength Leader
system,AMRZ,2026-08-07T15:30:36.796Z,2026-08-10T13:30:48.009Z,0.8473,sell-signal,Mean Reversion
system,AAOI,2026-08-07T16:15:43.877Z,2026-08-10T13:30:48.009Z,2.5145,partial-target,EMA Reclaim Trend
system,RKLB,2026-08-07T16:28:23.397Z,2026-08-10T13:30:48.009Z,2.0400,partial-target,EMA Reclaim Trend
system,VSH,2026-08-07T19:40:51.115Z,2026-08-10T13:30:48.009Z,1.3971,sell-signal,EMA Pullback Swing
system,ARW,2026-08-07T13:33:21.888Z,2026-08-07T19:58:25.939Z,2.3621,sell-signal,Mean Reversion
system,RDW,2026-08-07T19:33:25.237Z,2026-08-07T19:45:41.874Z,0.5218,sell-signal,Connors RSI(2)
system,DAVE,2026-08-07T17:40:59.821Z,2026-08-07T19:40:51.115Z,-1.7545,stop,Mean Reversion
system,MP,2026-08-07T17:13:26.770Z,2026-08-07T19:33:25.237Z,0.9675,trailing-stop,Flow Confirm
system,VSH,2026-08-07T17:58:24.901Z,2026-08-07T18:33:25.272Z,-0.9599,sell-signal,EMA Pullback Swing
system,DOCS,2026-08-07T16:33:23.630Z,2026-08-07T17:58:24.901Z,4.5000,target,RSI Recovery
system,DAVE,2026-08-07T16:05:43.256Z,2026-08-07T17:40:59.821Z,-2.1968,stop,Mean Reversion
system,DOCS,2026-08-07T16:33:23.630Z,2026-08-07T17:33:39.218Z,2.7000,partial-target,RSI Recovery
system,CART,2026-08-07T17:08:23.544Z,2026-08-07T17:13:26.770Z,0.3788,sell-signal,Connors RSI(2)
system,GFI,2026-08-07T16:43:24.936Z,2026-08-07T17:08:23.544Z,-0.5383,sell-signal,Connors RSI(2)
system,RDW,2026-08-07T16:33:23.630Z,2026-08-07T16:43:24.936Z,0.5626,sell-signal,Connors RSI(2)
system,CELH,2026-08-07T15:43:23.312Z,2026-08-07T16:33:23.630Z,-1.9604,sell-signal,Flow Confirm
system,TSEM,2026-08-07T15:58:21.475Z,2026-08-07T16:33:23.630Z,-1.3569,stop,Breakout Engine
system,PLTR,2026-08-07T14:03:20.944Z,2026-08-07T16:28:23.397Z,0.4590,sell-signal,Breakout Engine
system,AXTI,2026-08-07T16:00:45.469Z,2026-08-07T16:28:23.397Z,0.9501,trailing-stop,Trend Pulse
system,AAOI,2026-08-07T15:40:45.961Z,2026-08-07T16:15:43.877Z,1.1569,trailing-stop,EMA Reclaim Trend
system,COHR,2026-08-07T15:08:23.309Z,2026-08-07T16:10:43.375Z,3.4000,target,EMA Reclaim Trend
system,RMD,2026-08-07T13:45:36.513Z,2026-08-07T16:05:43.256Z,2.6244,trailing-stop,Mean Reversion
system,WOLF,2026-08-07T14:45:36.927Z,2026-08-07T16:05:43.256Z,6.7000,target,Trend Pulse
system,OKLO,2026-08-07T14:23:21.236Z,2026-08-07T16:00:45.469Z,6.7000,target,Trend Pulse
system,HNGE,2026-08-07T14:35:36.202Z,2026-08-07T15:58:21.475Z,-1.3955,stop,Breakout Engine
system,COHR,2026-08-07T15:08:23.309Z,2026-08-07T15:55:39.641Z,2.0400,partial-target,EMA Reclaim Trend
system,RDW,2026-08-07T14:35:36.202Z,2026-08-07T15:53:23.238Z,3.5482,target,EMA Reclaim Trend
system,CELH,2026-08-07T15:28:23.293Z,2026-08-07T15:43:23.312Z,1.1439,trailing-stop,Breakout Engine
system,TSEM,2026-08-07T14:45:36.927Z,2026-08-07T15:40:45.961Z,3.4000,target,EMA Reclaim Trend
system,RDW,2026-08-07T14:35:36.202Z,2026-08-07T15:35:40.761Z,2.1289,partial-target,EMA Reclaim Trend
system,TTD,2026-08-07T13:33:21.888Z,2026-08-07T15:30:36.796Z,3.5709,trailing-stop,Mean Reversion
system,ABNB,2026-08-07T14:30:38.814Z,2026-08-07T15:28:23.293Z,-0.5889,sell-signal,Flow Confirm
system,WOLF,2026-08-07T14:45:36.927Z,2026-08-07T15:28:23.293Z,4.0200,partial-target,Trend Pulse
system,OKLO,2026-08-07T14:23:21.236Z,2026-08-07T15:25:48.311Z,4.0200,partial-target,Trend Pulse
system,TSEM,2026-08-07T14:45:36.927Z,2026-08-07T15:25:40.291Z,2.0400,partial-target,EMA Reclaim Trend
system,NTRA,2026-08-07T13:55:40.509Z,2026-08-07T15:08:23.309Z,-1.1134,sell-signal,Breakout Engine
system,NET,2026-08-07T14:13:21.175Z,2026-08-07T14:50:40.494Z,-2.4000,stop,Relative Strength Leader
system,COHR,2026-08-07T14:30:38.814Z,2026-08-07T14:45:36.927Z,-2.8500,stop,Relative Strength Leader
system,AXTI,2026-08-07T14:33:20.912Z,2026-08-07T14:45:36.927Z,-3.9172,stop,EMA Reclaim Trend
system,U,2026-08-06T19:28:20.401Z,2026-08-07T14:35:36.202Z,3.2073,trailing-stop,Donchian Swing
system,DUOL,2026-08-07T13:33:21.888Z,2026-08-07T14:35:36.202Z,2.3091,target,Breakout Engine
system,WOLF,2026-08-07T13:58:20.804Z,2026-08-07T14:33:20.912Z,1.9720,trailing-stop,Trend Pulse
system,AXTI,2026-08-07T13:45:36.513Z,2026-08-07T14:30:38.814Z,0.9759,trailing-stop,Flow Confirm
system,COHR,2026-08-07T14:18:21.195Z,2026-08-07T14:30:38.814Z,1.7382,trailing-stop,Relative Strength Leader
system,WOLF,2026-08-07T13:58:20.804Z,2026-08-07T14:28:23.142Z,4.0200,partial-target,Trend Pulse
system,COHR,2026-08-07T14:18:21.195Z,2026-08-07T14:25:40.374Z,2.4000,partial-target,Relative Strength Leader
system,AAOI,2026-08-07T14:13:21.175Z,2026-08-07T14:23:21.236Z,1.5433,trailing-stop,Trend Pulse
system,KVYO,2026-08-06T18:03:19.912Z,2026-08-07T14:18:21.195Z,2.0430,trailing-stop,Flow Confirm
system,RMD,2026-08-07T13:45:36.513Z,2026-08-07T14:18:21.195Z,3.9885,partial-target,Mean Reversion
system,AAOI,2026-08-07T13:50:36.901Z,2026-08-07T14:13:21.175Z,1.7094,trailing-stop,Trend Pulse
system,TSEM,2026-08-07T13:55:40.509Z,2026-08-07T14:13:21.175Z,-2.4000,stop,Relative Strength Leader
system,DUOL,2026-08-07T13:33:21.888Z,2026-08-07T14:08:22.967Z,1.3854,partial-target,Breakout Engine
system,ONTO,2026-08-07T13:40:38.735Z,2026-08-07T14:03:20.944Z,-1.5000,stop,Breakout Engine
system,SIMO,2026-08-06T19:58:19.551Z,2026-08-07T13:58:20.804Z,-2.2000,stop,EMA Reclaim Trend
system,PRAX,2026-08-06T16:10:46.733Z,2026-08-07T13:55:40.509Z,0.9539,trailing-stop,Relative Strength Leader
system,MTSI,2026-08-06T18:30:37.140Z,2026-08-07T13:55:40.509Z,2.5441,trailing-stop,Flow Confirm
system,SITM,2026-08-07T13:30:41.517Z,2026-08-07T13:55:40.509Z,1.4481,trailing-stop,Breakout Engine
system,DOCS,2026-08-07T13:48:23.206Z,2026-08-07T13:55:40.509Z,1.2196,trailing-stop,Relative Strength Leader
system,DOCS,2026-08-07T13:48:23.206Z,2026-08-07T13:53:20.778Z,2.4000,partial-target,Relative Strength Leader
system,KGC,2026-08-05T19:45:32.797Z,2026-08-07T13:50:36.901Z,6.7000,target,Trend Pulse
system,WOLF,2026-08-06T17:15:40.228Z,2026-08-07T13:45:36.513Z,6.7000,target,Trend Pulse
system,ESTA,2026-08-07T13:35:37.189Z,2026-08-07T13:45:36.513Z,-0.5928,stop,Mean Reversion
system,MXL,2026-08-07T13:38:21.004Z,2026-08-07T13:45:36.513Z,0.9870,trailing-stop,Relative Strength Leader
system,WOLF,2026-08-06T17:15:40.228Z,2026-08-07T13:43:21.250Z,4.0200,partial-target,Trend Pulse
system,DOCS,2026-08-07T13:38:21.004Z,2026-08-07T13:40:38.735Z,-1.4205,stop,Breakout Engine
system,MSI,2026-08-06T19:50:37.311Z,2026-08-07T13:38:21.004Z,-0.8909,sell-signal,EMA Reclaim Trend
system,SMTC,2026-08-07T13:30:41.517Z,2026-08-07T13:38:21.004Z,0.7173,trailing-stop,Breakout Engine
system,KVYO,2026-08-06T18:03:19.912Z,2026-08-07T13:35:37.189Z,4.0200,partial-target,Flow Confirm
system,ESTA,2026-08-07T13:31:04.720Z,2026-08-07T13:35:37.189Z,-0.8134,stop,Mean Reversion
system,SMTC,2026-08-07T13:30:41.517Z,2026-08-07T13:33:52.282Z,1.4222,partial-target,Breakout Engine
system,DUOL,2026-08-06T14:03:20.243Z,2026-08-07T13:33:21.888Z,9.6314,target,Mean Reversion
system,INSM,2026-08-06T14:25:37.820Z,2026-08-07T13:33:21.888Z,1.1903,trailing-stop,Relative Strength Leader
system,MIRM,2026-08-07T13:30:41.517Z,2026-08-07T13:33:21.888Z,-1.5000,stop,Breakout Engine
system,MTSI,2026-08-06T18:30:37.140Z,2026-08-07T13:31:04.720Z,4.0200,partial-target,Flow Confirm
system,ESTA,2026-08-06T19:53:21.108Z,2026-08-07T13:31:04.720Z,-1.3932,stop,Mean Reversion
system,KGC,2026-08-05T19:45:32.797Z,2026-08-07T13:30:41.517Z,4.0200,partial-target,Trend Pulse
system,INSM,2026-08-06T14:25:37.820Z,2026-08-07T13:30:41.517Z,2.4000,partial-target,Relative Strength Leader
system,SMTC,2026-08-06T16:53:21.249Z,2026-08-07T13:30:41.517Z,4.0000,target,Relative Strength Leader
system,CAI,2026-08-06T18:03:19.912Z,2026-08-07T13:30:41.517Z,3.4000,target,EMA Reclaim Trend
system,CDE,2026-08-06T19:45:34.968Z,2026-08-07T13:30:41.517Z,1.4538,target,Mean Reversion
system,CACI,2026-08-06T19:30:34.956Z,2026-08-06T19:58:19.551Z,-1.3631,sell-signal,Connors RSI(2)
system,NBIS,2026-08-06T19:00:45.898Z,2026-08-06T19:53:21.108Z,-1.6620,stop,Mean Reversion
system,EHC,2026-08-06T16:45:36.265Z,2026-08-06T19:50:37.311Z,-0.4036,sell-signal,Flow Confirm
system,CAI,2026-08-06T18:03:19.912Z,2026-08-06T19:45:43.081Z,2.0400,partial-target,EMA Reclaim Trend
system,RUN,2026-08-06T19:35:36.801Z,2026-08-06T19:45:34.968Z,1.5556,target,Mean Reversion
system,RUN,2026-08-06T19:35:36.801Z,2026-08-06T19:43:22.250Z,0.9334,partial-target,Mean Reversion
system,AXON,2026-08-06T17:50:34.456Z,2026-08-06T19:35:36.801Z,0.9421,trailing-stop,Mean Reversion
system,SITM,2026-08-06T15:38:20.704Z,2026-08-06T19:30:34.956Z,3.4000,target,EMA Reclaim Trend
system,CACI,2026-08-06T15:48:29.593Z,2026-08-06T19:28:20.401Z,2.2558,sell-signal,Turtle 20 Breakout
system,SMTC,2026-08-06T16:53:21.249Z,2026-08-06T19:20:37.619Z,2.4000,partial-target,Relative Strength Leader
system,AXON,2026-08-06T17:50:34.456Z,2026-08-06T19:03:20.407Z,1.4889,partial-target,Mean Reversion
system,BLLN,2026-08-06T17:23:19.253Z,2026-08-06T19:00:45.898Z,1.8709,target,Mean Reversion
system,BLLN,2026-08-06T17:23:19.253Z,2026-08-06T19:00:37.347Z,1.1226,partial-target,Mean Reversion
system,SITM,2026-08-06T15:38:20.704Z,2026-08-06T18:53:19.942Z,2.0400,partial-target,EMA Reclaim Trend
system,FIG,2026-08-06T15:58:20.361Z,2026-08-06T18:30:37.140Z,3.4255,sell-signal,Flow Confirm
system,EXPE,2026-07-27T18:03:12.123Z,2026-08-06T18:03:19.912Z,10.8516,time,Donchian Swing
system,CHYM,2026-08-06T17:50:34.456Z,2026-08-06T18:03:19.912Z,0.2156,sell-signal,Connors RSI(2)
system,CHYM,2026-08-06T14:25:37.820Z,2026-08-06T17:50:34.456Z,1.8034,trailing-stop,Donchian Swing
system,BROS,2026-08-06T17:30:44.292Z,2026-08-06T17:50:34.456Z,0.2269,trailing-stop,Mean Reversion
system,FIG,2026-08-06T15:58:20.361Z,2026-08-06T17:48:25.395Z,4.0200,partial-target,Flow Confirm
system,BROS,2026-08-06T17:30:44.292Z,2026-08-06T17:45:43.418Z,0.4963,partial-target,Mean Reversion
system,OSCR,2026-08-06T16:13:22.160Z,2026-08-06T17:30:44.292Z,2.6670,target,Mean Reversion
system,OSCR,2026-08-06T16:13:22.160Z,2026-08-06T17:28:19.344Z,1.6002,partial-target,Mean Reversion
system,BLLN,2026-08-06T15:15:38.507Z,2026-08-06T17:23:19.253Z,-3.7143,stop,Mean Reversion
system,KTOS,2026-08-06T13:48:23.291Z,2026-08-06T17:15:40.228Z,2.0639,trailing-stop,Trend Pulse
system,U,2026-08-06T13:53:19.672Z,2026-08-06T16:53:21.249Z,2.8053,sell-signal,Flow Confirm
system,KVYO,2026-08-06T16:38:21.535Z,2026-08-06T16:45:36.265Z,-0.2440,sell-signal,Flow Confirm
system,APP,2026-08-06T16:28:23.580Z,2026-08-06T16:38:21.535Z,0.7609,sell-signal,Flow Confirm
system,COLD,2026-08-06T16:18:21.007Z,2026-08-06T16:28:23.580Z,-0.2617,sell-signal,Flow Confirm
system,RELY,2026-08-06T15:20:38.063Z,2026-08-06T16:18:21.007Z,-1.3589,sell-signal,Flow Confirm
system,OSCR,2026-08-06T15:55:38.735Z,2026-08-06T16:13:22.160Z,-1.6939,stop,Mean Reversion
system,PRAX,2026-08-06T16:08:25.037Z,2026-08-06T16:10:46.733Z,0.5847,sell-signal,Connors RSI(2)
system,MTSI,2026-08-06T16:03:24.571Z,2026-08-06T16:08:25.037Z,0.5530,sell-signal,Connors RSI(2)
system,CAI,2026-08-06T14:50:38.495Z,2026-08-06T16:03:24.571Z,1.3966,trailing-stop,Relative Strength Leader
system,EHC,2026-08-06T13:35:37.617Z,2026-08-06T15:58:20.361Z,0.0961,sell-signal,Flow Confirm
system,HL,2026-08-06T13:33:21.893Z,2026-08-06T15:55:38.735Z,1.9646,trailing-stop,Mean Reversion
system,TTMI,2026-08-06T15:45:38.491Z,2026-08-06T15:48:29.593Z,0.8480,sell-signal,Connors RSI(2)
system,PH,2026-08-06T14:40:46.432Z,2026-08-06T15:45:38.491Z,-1.7492,sell-signal,Connors RSI(2)
system,ITT,2026-08-06T14:55:36.883Z,2026-08-06T15:38:20.704Z,-1.8965,sell-signal,Connors RSI(2)
system,WOLF,2026-08-06T14:40:38.374Z,2026-08-06T15:20:38.063Z,0.9710,trailing-stop,Relative Strength Leader
system,MTSI,2026-08-06T14:33:19.711Z,2026-08-06T15:15:38.507Z,-1.9233,sell-signal,Flow Confirm
system,CAI,2026-08-06T14:50:38.495Z,2026-08-06T15:13:21.611Z,2.4000,partial-target,Relative Strength Leader
system,ATI,2026-08-06T13:45:36.767Z,2026-08-06T14:55:36.883Z,-1.4349,stop,Breakout Engine
system,DUOL,2026-08-06T14:03:20.243Z,2026-08-06T14:50:38.495Z,5.7788,partial-target,Mean Reversion
system,SITM,2026-08-06T14:25:46.739Z,2026-08-06T14:50:38.495Z,-3.3239,stop,Turtle 20 Breakout
system,HL,2026-08-06T13:33:21.893Z,2026-08-06T14:40:38.374Z,3.0526,partial-target,Mean Reversion
system,SEI,2026-08-06T14:15:45.875Z,2026-08-06T14:40:38.374Z,-2.8761,stop,Relative Strength Leader
system,PRAX,2026-08-06T14:33:19.711Z,2026-08-06T14:38:20.758Z,1.1302,sell-signal,Connors RSI(2)
system,CAI,2026-08-06T13:45:36.767Z,2026-08-06T14:33:19.711Z,1.7031,trailing-stop,Flow Confirm
system,MDLN,2026-08-06T13:30:59.856Z,2026-08-06T14:30:38.780Z,-2.4000,stop,Relative Strength Leader
system,SITM,2026-08-06T13:30:59.856Z,2026-08-06T14:25:46.739Z,8.0350,target,Breakout Engine
system,PRAX,2026-08-06T13:30:59.856Z,2026-08-06T14:23:19.775Z,2.8856,trailing-stop,Donchian Swing
system,KTOS,2026-08-06T13:48:23.291Z,2026-08-06T14:20:39.124Z,4.0200,partial-target,Trend Pulse
system,INSM,2026-08-06T13:30:59.856Z,2026-08-06T14:18:20.243Z,3.0479,trailing-stop,Breakout Engine
system,PRIM,2026-08-05T19:53:18.528Z,2026-08-06T14:15:45.875Z,1.1634,target,Mean Reversion
system,PRIM,2026-08-05T19:53:18.528Z,2026-08-06T14:10:38.380Z,0.6980,partial-target,Mean Reversion
system,DUOL,2026-08-06T13:55:36.485Z,2026-08-06T14:03:20.243Z,-0.5707,stop,Mean Reversion
system,BLLN,2026-08-06T13:40:50.340Z,2026-08-06T13:55:36.485Z,-3.5000,stop,Mean Reversion
system,U,2026-08-06T13:38:25.907Z,2026-08-06T13:53:19.672Z,1.7424,trailing-stop,Flow Confirm
system,KTOS,2026-08-05T18:50:33.173Z,2026-08-06T13:48:23.291Z,1.1176,trailing-stop,Trend Pulse
system,SITM,2026-08-06T13:30:59.856Z,2026-08-06T13:45:36.767Z,4.8210,partial-target,Breakout Engine
system,CAI,2026-08-06T13:33:21.893Z,2026-08-06T13:45:36.767Z,-1.5000,stop,Breakout Engine
system,SPCX,2026-08-05T18:33:19.491Z,2026-08-06T13:40:50.340Z,0.5423,trailing-stop,Mean Reversion
system,SPCX,2026-08-05T18:33:19.491Z,2026-08-06T13:38:25.907Z,1.1737,partial-target,Mean Reversion
system,QLYS,2026-08-05T19:58:17.942Z,2026-08-06T13:35:37.617Z,-3.5000,stop,Connors RSI(2)
system,ELF,2026-08-06T13:33:21.893Z,2026-08-06T13:35:37.617Z,-2.4000,stop,Relative Strength Leader
system,AEM,2026-08-05T17:28:21.041Z,2026-08-06T13:33:21.893Z,-0.4555,sell-signal,EMA Reclaim Trend
system,PINS,2026-08-05T18:43:20.417Z,2026-08-06T13:33:21.893Z,-0.5960,sell-signal,EMA Pullback Swing
system,HL,2026-08-06T13:30:59.856Z,2026-08-06T13:33:21.893Z,-0.3243,stop,Mean Reversion
system,ENTG,2026-08-04T14:33:17.027Z,2026-08-06T13:30:59.856Z,3.6389,trailing-stop,EMA Pullback Swing
system,RDDT,2026-08-05T13:33:18.075Z,2026-08-06T13:30:59.856Z,-5.0000,stop,Flow Confirm
system,RRX,2026-08-05T15:48:18.498Z,2026-08-06T13:30:59.856Z,-1.8668,stop,Mean Reversion
system,ZETA,2026-08-05T16:23:19.704Z,2026-08-06T13:30:59.856Z,-1.4004,sell-signal,EMA Reclaim Trend
system,HL,2026-08-05T17:00:55.497Z,2026-08-06T13:30:59.856Z,-2.2000,stop,EMA Reclaim Trend
system,TWST,2026-08-05T19:38:17.842Z,2026-08-06T13:30:59.856Z,0.9852,trailing-stop,Flow Confirm
system,SPHR,2026-08-05T19:43:17.952Z,2026-08-05T19:58:17.942Z,-0.0559,sell-signal,Connors RSI(2)
system,TSEM,2026-08-05T18:43:20.417Z,2026-08-05T19:53:18.528Z,-0.1003,sell-signal,Flow Confirm
system,MDLN,2026-08-05T15:23:19.112Z,2026-08-05T19:45:32.797Z,2.2676,sell-signal,Mean Reversion
system,SPHR,2026-08-05T13:38:17.591Z,2026-08-05T19:43:17.952Z,1.3752,trailing-stop,Trend Pulse
system,QLYS,2026-08-05T19:13:18.034Z,2026-08-05T19:38:17.842Z,-0.6317,sell-signal,Flow Confirm
system,MTRN,2026-08-05T18:58:19.036Z,2026-08-05T19:13:18.034Z,0.6958,sell-signal,Connors RSI(2)
system,GLXY,2026-08-05T18:10:35.933Z,2026-08-05T18:58:19.036Z,-1.5173,sell-signal,Flow Confirm
system,CDW,2026-08-05T14:50:35.516Z,2026-08-05T18:50:41.132Z,4.5000,target,RSI Recovery
system,AAL,2026-08-05T18:40:34.845Z,2026-08-05T18:50:33.173Z,0.2701,sell-signal,Connors RSI(2)
system,MTRN,2026-08-05T17:35:36.654Z,2026-08-05T18:43:20.417Z,1.9212,sell-signal,Flow Confirm
system,DT,2026-08-05T18:35:35.575Z,2026-08-05T18:43:20.417Z,0.1762,sell-signal,Connors RSI(2)
system,AAL,2026-08-03T13:53:15.318Z,2026-08-05T18:40:34.845Z,2.0667,trailing-stop,Donchian Swing
system,DAVE,2026-08-05T13:40:34.333Z,2026-08-05T18:35:35.575Z,-2.3566,sell-signal,Trend Pulse
system,SPCX,2026-08-05T17:33:20.049Z,2026-08-05T18:33:19.491Z,-2.0768,stop,Mean Reversion
system,PODD,2026-08-05T17:20:37.407Z,2026-08-05T18:10:35.933Z,-1.3681,sell-signal,Flow Confirm
system,ALAB,2026-08-05T16:20:37.076Z,2026-08-05T17:35:36.654Z,-3.4777,sell-signal,Flow Confirm
system,FLUT,2026-08-05T17:05:48.543Z,2026-08-05T17:33:20.049Z,0.4888,trailing-stop,Mean Reversion
system,AU,2026-08-05T17:23:18.685Z,2026-08-05T17:28:21.041Z,0.2275,sell-signal,Connors RSI(2)
system,FLUT,2026-08-05T17:05:48.543Z,2026-08-05T17:25:34.882Z,0.8637,partial-target,Mean Reversion
system,HNGE,2026-08-05T13:50:41.241Z,2026-08-05T17:23:18.685Z,2.9504,trailing-stop,Trend Pulse
system,SBAC,2026-08-05T15:25:35.322Z,2026-08-05T17:20:37.407Z,1.4535,sell-signal,Flow Confirm
system,CDW,2026-08-05T14:50:35.516Z,2026-08-05T17:13:19.355Z,2.7000,partial-target,RSI Recovery
system,AEIS,2026-08-05T14:03:17.760Z,2026-08-05T17:05:48.543Z,-2.2000,stop,EMA Reclaim Trend
system,CCI,2026-08-05T15:00:37.335Z,2026-08-05T17:00:55.497Z,3.3555,target,Mean Reversion
system,SHOP,2026-08-05T16:15:42.166Z,2026-08-05T16:23:19.704Z,0.3914,sell-signal,Connors RSI(2)
system,MTRN,2026-08-05T14:23:18.126Z,2026-08-05T16:20:37.076Z,0.5585,sell-signal,Flow Confirm
system,AEM,2026-08-05T16:03:18.332Z,2026-08-05T16:15:42.166Z,0.2079,sell-signal,Connors RSI(2)
system,SSRM,2026-08-05T15:50:35.104Z,2026-08-05T16:03:18.332Z,0.1900,sell-signal,Connors RSI(2)
system,KGC,2026-08-05T14:05:34.787Z,2026-08-05T15:50:35.104Z,0.8253,sell-signal,Breakout Engine
system,CCI,2026-08-05T15:00:37.335Z,2026-08-05T15:50:35.104Z,2.0133,partial-target,Mean Reversion
system,RBA,2026-08-05T13:55:33.285Z,2026-08-05T15:48:18.498Z,1.1732,trailing-stop,Mean Reversion
system,CRL,2026-08-05T13:48:17.716Z,2026-08-05T15:25:35.322Z,-0.8151,sell-signal,Breakout Engine
system,PODD,2026-08-05T13:35:35.053Z,2026-08-05T15:23:19.112Z,2.9273,trailing-stop,Mean Reversion
system,AU,2026-08-05T13:33:18.075Z,2026-08-05T15:00:37.335Z,0.3068,sell-signal,Flow Confirm
system,RRX,2026-08-05T13:50:33.110Z,2026-08-05T14:50:35.516Z,-3.5495,stop,Mean Reversion
system,SMCI,2026-08-04T19:55:32.026Z,2026-08-05T14:23:18.126Z,-2.6503,sell-signal,Flow Confirm
system,HNGE,2026-08-05T13:50:41.241Z,2026-08-05T14:23:18.126Z,4.0200,partial-target,Trend Pulse
system,AEIS,2026-08-04T17:28:16.431Z,2026-08-05T14:03:17.760Z,1.0784,trailing-stop,EMA Reclaim Trend
system,DELL,2026-08-05T13:33:18.075Z,2026-08-05T14:03:17.760Z,0.9541,trailing-stop,EMA Reclaim Trend
system,AEIS,2026-08-04T17:28:16.431Z,2026-08-05T13:55:41.464Z,2.0400,partial-target,EMA Reclaim Trend
system,RBA,2026-08-05T13:43:18.138Z,2026-08-05T13:55:33.285Z,-0.9275,stop,Mean Reversion
system,TWST,2026-08-05T13:48:17.716Z,2026-08-05T13:50:41.241Z,-1.5000,stop,Breakout Engine
system,CIFR,2026-08-04T19:55:40.108Z,2026-08-05T13:50:33.110Z,3.2851,target,Mean Reversion
system,ASTS,2026-08-05T13:30:37.159Z,2026-08-05T13:48:17.716Z,-0.0874,sell-signal,Connors RSI(2)
system,UMC,2026-08-05T13:30:37.159Z,2026-08-05T13:48:17.716Z,-0.1259,sell-signal,Connors RSI(2)
system,DELL,2026-08-05T13:33:18.075Z,2026-08-05T13:45:46.229Z,2.0400,partial-target,EMA Reclaim Trend
system,CIFR,2026-08-04T19:55:40.108Z,2026-08-05T13:43:18.138Z,1.9711,partial-target,Mean Reversion
system,HUT,2026-08-05T13:30:37.159Z,2026-08-05T13:43:18.138Z,3.3959,target,Mean Reversion
system,ALAB,2026-08-05T13:30:37.159Z,2026-08-05T13:40:34.333Z,-3.5000,stop,Connors RSI(2)
system,HUT,2026-08-05T13:30:37.159Z,2026-08-05T13:38:17.591Z,2.0375,partial-target,Mean Reversion
system,QLYS,2026-08-05T13:33:18.075Z,2026-08-05T13:38:17.591Z,-1.5000,stop,Breakout Engine
system,CMG,2026-08-04T18:38:16.557Z,2026-08-05T13:35:35.053Z,2.3049,target,Mean Reversion
system,RDDT,2026-08-03T18:48:14.820Z,2026-08-05T13:33:18.075Z,1.9692,trailing-stop,EMA Pullback Swing
system,ORCL,2026-08-04T13:30:33.304Z,2026-08-05T13:33:18.075Z,2.2041,trailing-stop,Trend Pulse
system,SOFI,2026-08-04T13:30:33.304Z,2026-08-05T13:33:18.075Z,2.2386,sell-signal,Flow Confirm
system,ARM,2026-08-04T17:33:16.645Z,2026-08-05T13:33:18.075Z,-1.3815,sell-signal,EMA Pullback Swing
system,CMG,2026-08-04T18:38:16.557Z,2026-08-05T13:33:18.075Z,1.3829,partial-target,Mean Reversion
system,ALAB,2026-08-04T14:00:35.159Z,2026-08-05T13:30:37.159Z,2.9732,trailing-stop,Trend Pulse
system,WOLF,2026-08-04T14:40:44.354Z,2026-08-05T13:30:37.159Z,1.5491,trailing-stop,Trend Pulse
system,FORM,2026-08-04T18:38:16.557Z,2026-08-05T13:30:37.159Z,-1.5113,sell-signal,EMA Reclaim Trend
system,FN,2026-08-04T19:30:32.554Z,2026-08-05T13:30:37.159Z,0.6391,sell-signal,Flow Confirm
system,APTV,2026-08-04T19:05:32.616Z,2026-08-04T19:55:40.108Z,-1.4912,stop,Breakout Engine
system,TER,2026-08-04T19:20:32.293Z,2026-08-04T19:55:32.026Z,-0.4489,sell-signal,Flow Confirm
system,CIFR,2026-08-04T17:38:16.698Z,2026-08-04T19:30:32.554Z,-3.6377,sell-signal,Flow Confirm
system,UMC,2026-08-04T17:40:31.625Z,2026-08-04T19:20:32.293Z,0.2167,sell-signal,Flow Confirm
system,NRG,2026-08-04T18:28:17.257Z,2026-08-04T19:05:32.616Z,1.9353,target,Mean Reversion
system,NRG,2026-08-04T18:28:17.257Z,2026-08-04T19:00:42.023Z,1.1612,partial-target,Mean Reversion
system,APTV,2026-08-04T17:53:16.299Z,2026-08-04T18:38:16.557Z,1.0472,target,Mean Reversion
system,W,2026-08-04T18:35:31.809Z,2026-08-04T18:38:16.557Z,0.5781,sell-signal,Connors RSI(2)
system,APTV,2026-08-04T17:53:16.299Z,2026-08-04T18:35:31.809Z,0.6283,partial-target,Mean Reversion
system,PLTR,2026-08-04T18:18:16.346Z,2026-08-04T18:35:31.809Z,0.1783,sell-signal,Connors RSI(2)
system,NRG,2026-08-04T17:20:37.774Z,2026-08-04T18:28:17.257Z,-2.7160,stop,Mean Reversion
system,TER,2026-08-04T18:13:16.346Z,2026-08-04T18:18:16.346Z,0.4524,sell-signal,Connors RSI(2)
system,W,2026-08-04T13:40:33.450Z,2026-08-04T18:13:16.346Z,4.5684,sell-signal,Breakout Engine
system,APTV,2026-08-04T15:30:31.026Z,2026-08-04T17:53:16.299Z,-1.8608,stop,Mean Reversion
system,IT,2026-08-04T17:03:16.989Z,2026-08-04T17:40:31.625Z,1.1983,sell-signal,Flow Confirm
system,PLTR,2026-08-04T14:28:22.259Z,2026-08-04T17:38:16.698Z,2.8950,sell-signal,Flow Confirm
system,VSH,2026-08-04T17:03:16.989Z,2026-08-04T17:33:16.645Z,0.2312,sell-signal,EMA Pullback Swing
system,CIFR,2026-08-04T16:33:16.557Z,2026-08-04T17:28:16.431Z,0.5907,trailing-stop,Mean Reversion
system,CIFR,2026-08-04T16:33:16.557Z,2026-08-04T17:23:18.876Z,1.0535,partial-target,Mean Reversion
system,NRG,2026-08-04T16:43:17.504Z,2026-08-04T17:20:37.774Z,0.5821,trailing-stop,Mean Reversion
system,NRG,2026-08-04T16:43:17.504Z,2026-08-04T17:15:32.705Z,1.1210,partial-target,Mean Reversion
system,BTDR,2026-08-04T14:43:18.523Z,2026-08-04T17:03:16.989Z,-2.5179,stop,EMA Reclaim Trend
system,FN,2026-08-04T16:43:17.504Z,2026-08-04T17:03:16.989Z,0.5919,sell-signal,Flow Confirm
system,ALAB,2026-08-04T14:00:35.159Z,2026-08-04T16:48:21.254Z,4.0200,partial-target,Trend Pulse
system,AEIS,2026-08-04T15:28:22.605Z,2026-08-04T16:43:17.504Z,0.6426,sell-signal,Flow Confirm
system,NRG,2026-08-04T16:05:29.872Z,2026-08-04T16:43:17.504Z,1.1659,trailing-stop,Mean Reversion
system,ARM,2026-08-04T14:28:22.259Z,2026-08-04T16:33:16.557Z,1.3128,sell-signal,EMA Pullback Swing
system,ORCL,2026-08-04T13:30:33.304Z,2026-08-04T16:23:16.094Z,4.0200,partial-target,Trend Pulse
system,NRG,2026-08-04T15:45:30.672Z,2026-08-04T16:05:29.872Z,-1.6793,stop,Mean Reversion
system,NRG,2026-08-04T15:08:20.250Z,2026-08-04T15:45:30.672Z,-3.6717,stop,Mean Reversion
system,CIFR,2026-08-04T13:45:30.166Z,2026-08-04T15:30:31.026Z,2.1990,trailing-stop,Mean Reversion
system,VRT,2026-08-04T13:33:30.795Z,2026-08-04T15:28:22.605Z,0.6244,trailing-stop,Breakout Engine
system,INTC,2026-08-04T14:30:32.813Z,2026-08-04T15:08:20.250Z,-0.6225,sell-signal,Flow Confirm
system,VRT,2026-08-04T13:33:30.795Z,2026-08-04T14:48:19.106Z,1.1217,partial-target,Breakout Engine
system,BR,2026-08-04T14:30:32.813Z,2026-08-04T14:43:18.523Z,0.3794,sell-signal,Connors RSI(2)
system,WOLF,2026-08-04T13:40:33.450Z,2026-08-04T14:40:44.354Z,1.6648,trailing-stop,Trend Pulse
system,AXTI,2026-08-04T13:40:33.450Z,2026-08-04T14:33:17.027Z,8.5772,target,Mean Reversion
system,IDXX,2026-08-04T13:33:30.795Z,2026-08-04T14:30:32.813Z,-3.3023,sell-signal,Flow Confirm
system,COGT,2026-08-04T13:58:17.481Z,2026-08-04T14:30:32.813Z,-1.5000,stop,Breakout Engine
system,PLTR,2026-08-04T13:33:30.795Z,2026-08-04T14:28:22.259Z,6.7000,target,Flow Confirm
system,TKR,2026-08-04T13:53:17.200Z,2026-08-04T14:28:22.259Z,-2.3819,stop,Mean Reversion
system,AXTI,2026-08-04T13:40:33.450Z,2026-08-04T14:03:17.692Z,5.1463,partial-target,Mean Reversion
system,IREN,2026-08-03T14:50:29.523Z,2026-08-04T14:00:35.159Z,2.4965,trailing-stop,Trend Pulse
system,PLTR,2026-08-04T13:33:30.795Z,2026-08-04T14:00:35.159Z,4.0200,partial-target,Flow Confirm
system,HIMS,2026-08-04T13:30:33.304Z,2026-08-04T13:58:17.481Z,0.9623,target,Breakout Engine
system,CNH,2026-08-03T19:15:31.011Z,2026-08-04T13:53:17.200Z,1.3500,target,Mean Reversion
system,CNH,2026-08-03T19:15:31.011Z,2026-08-04T13:48:20.516Z,0.8100,partial-target,Mean Reversion
system,CIFR,2026-08-04T13:30:33.304Z,2026-08-04T13:45:30.166Z,2.0879,trailing-stop,Mean Reversion
system,AXTI,2026-08-04T13:30:33.304Z,2026-08-04T13:40:33.450Z,2.6995,trailing-stop,Mean Reversion
system,MRVL,2026-08-04T13:38:17.072Z,2026-08-04T13:40:33.450Z,-1.5000,stop,Breakout Engine
system,CRWV,2026-08-03T19:18:14.806Z,2026-08-04T13:38:17.072Z,6.7000,target,Trend Pulse
system,W,2026-08-04T13:35:35.298Z,2026-08-04T13:38:17.072Z,-1.5000,stop,Breakout Engine
system,CRWV,2026-08-03T19:18:14.806Z,2026-08-04T13:35:35.298Z,4.0200,partial-target,Trend Pulse
system,TWST,2026-08-04T13:30:33.304Z,2026-08-04T13:35:35.298Z,-1.5000,stop,Breakout Engine
system,IREN,2026-08-03T14:50:29.523Z,2026-08-04T13:33:30.795Z,4.0200,partial-target,Trend Pulse
system,QBTS,2026-08-03T16:33:15.354Z,2026-08-04T13:33:30.795Z,3.4000,target,EMA Reclaim Trend
system,VRT,2026-08-03T18:53:14.615Z,2026-08-04T13:33:30.795Z,3.3452,sell-signal,EMA Pullback Swing
system,FTAI,2026-08-04T13:30:33.304Z,2026-08-04T13:33:30.795Z,-1.5000,stop,Breakout Engine
system,AMZN,2026-07-31T19:50:32.784Z,2026-08-04T13:30:33.304Z,2.2620,trailing-stop,Donchian Swing
system,BTDR,2026-08-03T16:33:15.354Z,2026-08-04T13:30:33.304Z,6.7000,target,Trend Pulse
system,QBTS,2026-08-03T16:33:15.354Z,2026-08-04T13:30:33.304Z,2.0400,partial-target,EMA Reclaim Trend
system,ONDS,2026-08-03T19:15:31.011Z,2026-08-04T13:30:33.304Z,3.4000,target,EMA Reclaim Trend
system,ORCL,2026-08-03T19:33:14.705Z,2026-08-04T13:30:33.304Z,0.2550,trailing-stop,Breakout Engine
system,NWL,2026-08-03T19:53:14.844Z,2026-08-04T13:30:33.304Z,0.2338,sell-signal,Connors RSI(2)
system,CIFR,2026-08-03T19:55:29.426Z,2026-08-04T13:30:33.304Z,-3.5000,stop,Connors RSI(2)
system,COHR,2026-08-03T19:55:29.426Z,2026-08-04T13:30:33.304Z,11.4626,sell-signal,Connors RSI(2)
system,QLYS,2026-08-03T19:58:15.019Z,2026-08-04T13:30:33.304Z,-1.4746,stop,Breakout Engine
system,FSLR,2026-08-03T19:00:29.429Z,2026-08-03T19:58:15.019Z,-0.6819,sell-signal,Flow Confirm
system,ORCL,2026-08-03T19:33:14.705Z,2026-08-03T19:55:37.404Z,0.5541,partial-target,Breakout Engine
system,QURE,2026-07-31T15:05:11.350Z,2026-08-03T19:55:29.426Z,-0.7917,sell-signal,Flow Confirm
system,RDW,2026-08-03T16:38:15.322Z,2026-08-03T19:55:29.426Z,1.5277,sell-signal,Flow Confirm
system,IONQ,2026-08-03T16:13:15.371Z,2026-08-03T19:53:14.844Z,-0.9473,sell-signal,EMA Reclaim Trend
system,CORZ,2026-08-03T19:13:14.702Z,2026-08-03T19:33:14.705Z,0.2414,sell-signal,EMA Pullback Swing
system,WOLF,2026-08-03T15:03:15.212Z,2026-08-03T19:18:14.806Z,-4.1045,sell-signal,Trend Pulse
system,AZN,2026-08-03T13:55:28.860Z,2026-08-03T19:15:31.011Z,1.7663,sell-signal,Mean Reversion
system,CNH,2026-08-03T17:20:28.181Z,2026-08-03T19:15:31.011Z,-2.5606,stop,Mean Reversion
system,CRWV,2026-08-03T19:00:29.429Z,2026-08-03T19:13:14.702Z,1.0997,target,Breakout Engine
system,CRWV,2026-08-03T19:00:29.429Z,2026-08-03T19:10:30.688Z,0.6598,partial-target,Breakout Engine
system,NWL,2026-08-03T16:50:29.542Z,2026-08-03T19:00:29.429Z,6.7000,target,Flow Confirm
system,FSLR,2026-08-03T17:15:28.108Z,2026-08-03T19:00:29.429Z,-1.1711,sell-signal,EMA Reclaim Trend
system,APLD,2026-08-03T18:38:14.783Z,2026-08-03T18:53:14.615Z,0.0507,sell-signal,Connors RSI(2)
system,BLDR,2026-08-03T18:30:28.221Z,2026-08-03T18:48:14.820Z,0.2622,trailing-stop,Breakout Engine
system,NBIS,2026-08-03T17:08:16.179Z,2026-08-03T18:38:14.783Z,1.0600,trailing-stop,EMA Pullback Swing
system,BLDR,2026-08-03T18:30:28.221Z,2026-08-03T18:38:14.783Z,0.3892,partial-target,Breakout Engine
system,FICO,2026-08-03T17:48:15.852Z,2026-08-03T18:30:28.221Z,0.8199,target,Mean Reversion
system,NWL,2026-08-03T16:50:29.542Z,2026-08-03T18:13:14.582Z,4.0200,partial-target,Flow Confirm
system,FICO,2026-08-03T17:48:15.852Z,2026-08-03T18:08:14.633Z,0.4920,partial-target,Mean Reversion
system,ARM,2026-08-03T13:33:15.389Z,2026-08-03T17:48:15.852Z,8.7557,target,Mean Reversion
system,MAR,2026-08-03T16:13:15.371Z,2026-08-03T17:20:28.181Z,1.0334,target,Mean Reversion
system,CIFR,2026-08-03T17:05:27.854Z,2026-08-03T17:15:28.108Z,2.3839,sell-signal,Connors RSI(2)
system,CNH,2026-08-03T16:33:15.354Z,2026-08-03T17:08:16.179Z,-1.9512,sell-signal,Connors RSI(2)
system,CORZ,2026-08-03T17:00:31.746Z,2026-08-03T17:05:27.854Z,-1.3696,stop,Breakout Engine
system,FSLR,2026-08-03T16:38:15.322Z,2026-08-03T17:00:31.746Z,-0.2111,sell-signal,Connors RSI(2)
system,SNOW,2026-08-03T13:48:15.173Z,2026-08-03T16:50:29.542Z,0.0016,sell-signal,Flow Confirm
system,MAR,2026-08-03T16:13:15.371Z,2026-08-03T16:45:30.613Z,0.6200,partial-target,Mean Reversion
system,TMDX,2026-08-03T14:15:30.613Z,2026-08-03T16:38:15.322Z,1.1341,trailing-stop,Breakout Engine
system,CRWV,2026-08-03T16:00:32.747Z,2026-08-03T16:38:15.322Z,0.9597,trailing-stop,Flow Confirm
system,HIMS,2026-08-03T14:50:37.507Z,2026-08-03T16:33:15.354Z,1.0228,sell-signal,EMA Pullback Swing
system,COHR,2026-08-03T15:45:31.213Z,2026-08-03T16:33:15.354Z,0.0592,sell-signal,EMA Pullback Swing
system,DOCN,2026-08-03T16:03:15.252Z,2026-08-03T16:33:15.354Z,0.8997,sell-signal,EMA Pullback Swing
system,NBIS,2026-08-03T14:10:29.953Z,2026-08-03T16:13:15.371Z,6.7000,target,Trend Pulse
system,KRYS,2026-08-03T15:20:30.597Z,2026-08-03T16:13:15.371Z,-1.8387,stop,Mean Reversion
system,CNH,2026-08-03T15:50:29.678Z,2026-08-03T16:03:15.252Z,0.3568,sell-signal,Connors RSI(2)
system,NWL,2026-08-03T15:53:15.220Z,2026-08-03T16:00:32.747Z,1.2397,sell-signal,Connors RSI(2)
system,FSLR,2026-08-03T14:38:15.086Z,2026-08-03T15:53:15.220Z,-1.8128,sell-signal,Flow Confirm
system,CNH,2026-08-03T15:00:32.171Z,2026-08-03T15:50:29.678Z,-3.5000,stop,Connors RSI(2)
system,SEI,2026-08-03T15:35:31.696Z,2026-08-03T15:45:31.213Z,0.5860,sell-signal,Connors RSI(2)
system,TMDX,2026-08-03T14:15:30.613Z,2026-08-03T15:38:15.331Z,2.1332,partial-target,Breakout Engine
system,SEI,2026-08-03T14:25:33.295Z,2026-08-03T15:35:31.696Z,-1.5000,stop,Breakout Engine
system,FERG,2026-08-03T13:43:15.138Z,2026-08-03T15:20:30.597Z,-0.0316,sell-signal,Breakout Engine
system,FTAI,2026-08-03T14:48:15.308Z,2026-08-03T15:03:15.212Z,0.2461,sell-signal,Connors RSI(2)
system,NWL,2026-08-03T13:38:15.091Z,2026-08-03T15:00:32.171Z,1.6544,trailing-stop,Trend Pulse
system,FCEL,2026-08-03T13:40:29.102Z,2026-08-03T14:50:37.507Z,9.2711,target,Mean Reversion
system,BOOT,2026-08-03T13:40:29.102Z,2026-08-03T14:50:29.523Z,1.1279,trailing-stop,Trend Pulse
system,NBIS,2026-08-03T14:10:29.953Z,2026-08-03T14:48:15.308Z,4.0200,partial-target,Trend Pulse
system,FTAI,2026-08-03T13:48:15.173Z,2026-08-03T14:38:15.086Z,1.3020,trailing-stop,Flow Confirm
system,FSLR,2026-08-03T14:05:29.294Z,2026-08-03T14:25:33.295Z,4.3823,target,Breakout Engine
system,FSLR,2026-08-03T14:05:29.294Z,2026-08-03T14:23:15.086Z,2.6294,partial-target,Breakout Engine
system,ARM,2026-08-03T13:33:15.389Z,2026-08-03T14:20:30.088Z,5.2534,partial-target,Mean Reversion
system,FCEL,2026-08-03T13:40:29.102Z,2026-08-03T14:15:30.613Z,5.5627,partial-target,Mean Reversion
system,CNH,2026-08-03T13:33:15.389Z,2026-08-03T14:10:29.953Z,1.5336,trailing-stop,Breakout Engine
system,CRWV,2026-08-03T14:00:30.886Z,2026-08-03T14:05:29.294Z,-1.5000,stop,Breakout Engine
system,CRWV,2026-08-03T13:50:27.941Z,2026-08-03T14:00:30.886Z,4.0714,target,Breakout Engine
system,ACHC,2026-07-29T15:00:23.381Z,2026-08-03T13:55:28.860Z,4.5000,target,RSI Recovery
system,AZN,2026-08-03T13:40:29.102Z,2026-08-03T13:55:28.860Z,-0.0721,stop,Mean Reversion
system,CRWV,2026-08-03T13:50:27.941Z,2026-08-03T13:55:28.860Z,2.4429,partial-target,Breakout Engine
system,IESC,2026-08-03T13:33:15.389Z,2026-08-03T13:53:15.318Z,-1.6301,sell-signal,Connors RSI(2)
system,NVO,2026-07-31T19:58:10.912Z,2026-08-03T13:50:27.941Z,-0.6603,sell-signal,Breakout Engine
system,AAPL,2026-07-31T19:18:10.696Z,2026-08-03T13:48:15.173Z,0.1670,sell-signal,Flow Confirm
system,CRCL,2026-08-03T13:35:28.617Z,2026-08-03T13:48:15.173Z,-0.4770,sell-signal,Flow Confirm
system,DXCM,2026-08-03T13:30:31.790Z,2026-08-03T13:43:15.138Z,1.2055,target,Breakout Engine
system,RIOT,2026-08-03T13:30:31.790Z,2026-08-03T13:40:29.102Z,1.1233,trailing-stop,Mean Reversion
system,FCEL,2026-08-03T13:33:15.389Z,2026-08-03T13:40:29.102Z,1.4413,trailing-stop,Mean Reversion
system,VRT,2026-07-31T19:53:10.758Z,2026-08-03T13:38:15.091Z,0.9646,sell-signal,Connors RSI(2)
system,DXCM,2026-08-03T13:30:31.790Z,2026-08-03T13:35:28.617Z,0.7233,partial-target,Breakout Engine
system,RBLX,2026-08-03T13:30:31.790Z,2026-08-03T13:35:28.617Z,0.9027,trailing-stop,Flow Confirm
system,NUVB,2026-07-27T14:01:27.792Z,2026-08-03T13:33:15.389Z,-7.0000,stop,Donchian Swing
system,SPXC,2026-08-03T13:30:31.790Z,2026-08-03T13:33:15.389Z,1.3735,sell-signal,Connors RSI(2)
system,NBIX,2026-08-03T13:30:31.790Z,2026-08-03T13:33:15.389Z,-1.3296,stop,Breakout Engine
system,FCEL,2026-08-03T13:30:31.790Z,2026-08-03T13:33:15.389Z,-3.5000,stop,Mean Reversion
system,IESC,2026-08-03T13:30:40.452Z,2026-08-03T13:33:15.389Z,-3.5000,stop,Connors RSI(2)
system,GVA,2026-07-31T19:10:24.138Z,2026-08-03T13:30:40.452Z,-0.7644,sell-signal,Connors RSI(2)
system,SOFI,2026-07-29T14:38:06.815Z,2026-08-03T13:30:31.790Z,9.1752,sell-signal,Flow Confirm
system,TEVA,2026-07-29T14:40:20.640Z,2026-08-03T13:30:31.790Z,2.2661,sell-signal,EMA Reclaim Trend
system,AU,2026-07-31T15:23:10.241Z,2026-08-03T13:30:31.790Z,4.5000,target,RSI Recovery
system,SPXC,2026-07-31T15:50:24.020Z,2026-08-03T13:30:31.790Z,-5.4865,sell-signal,EMA Pullback Swing
system,NXT,2026-07-31T19:03:10.748Z,2026-08-03T13:30:31.790Z,-1.4116,stop,Mean Reversion
system,FCEL,2026-07-31T19:50:24.700Z,2026-08-03T13:30:31.790Z,-1.8939,stop,Mean Reversion
system,RIOT,2026-07-31T19:58:10.912Z,2026-08-03T13:30:31.790Z,-1.2351,stop,Mean Reversion
system,GRMN,2026-07-31T15:05:11.350Z,2026-07-31T19:58:10.912Z,-0.2638,sell-signal,EMA Reclaim Trend
system,FRMI,2026-07-31T19:35:24.799Z,2026-07-31T19:58:10.912Z,-1.2497,stop,Mean Reversion
system,LGN,2026-07-31T19:40:24.881Z,2026-07-31T19:53:10.758Z,-0.0777,sell-signal,Connors RSI(2)
system,LFUS,2026-07-31T15:05:11.350Z,2026-07-31T19:50:32.784Z,-0.0696,sell-signal,EMA Reclaim Trend
system,NVO,2026-07-31T18:08:11.623Z,2026-07-31T19:50:24.700Z,0.2951,target,Mean Reversion
system,NVO,2026-07-31T18:08:11.623Z,2026-07-31T19:48:11.028Z,0.1771,partial-target,Mean Reversion
system,AMZN,2026-07-31T19:35:33.119Z,2026-07-31T19:40:24.881Z,-0.1822,sell-signal,Breakout Engine
system,AMZN,2026-07-31T19:35:33.119Z,2026-07-31T19:38:10.734Z,0.1375,partial-target,Breakout Engine
system,FMC,2026-07-31T15:18:10.293Z,2026-07-31T19:35:33.119Z,-2.8182,sell-signal,RSI Recovery
system,BTSG,2026-07-31T19:18:10.696Z,2026-07-31T19:35:24.799Z,0.8277,target,Mean Reversion
system,BTSG,2026-07-31T19:18:10.696Z,2026-07-31T19:33:10.768Z,0.4966,partial-target,Mean Reversion
system,GEHC,2026-07-29T13:48:07.019Z,2026-07-31T19:18:10.696Z,-4.4224,sell-signal,Flow Confirm
system,GDDY,2026-07-31T18:33:10.700Z,2026-07-31T19:18:10.696Z,2.1430,target,Breakout Engine
system,GDDY,2026-07-31T18:33:10.700Z,2026-07-31T19:10:24.138Z,1.2858,partial-target,Breakout Engine
system,MPWR,2026-07-31T19:05:24.404Z,2026-07-31T19:10:24.138Z,0.5582,sell-signal,Connors RSI(2)
system,AAPL,2026-07-31T15:05:11.350Z,2026-07-31T19:05:24.404Z,0.4221,sell-signal,Mean Reversion
system,BTSG,2026-07-31T18:28:10.985Z,2026-07-31T19:03:10.748Z,0.4766,trailing-stop,Mean Reversion
system,BTSG,2026-07-31T18:28:10.985Z,2026-07-31T18:38:10.648Z,0.7942,partial-target,Mean Reversion
system,LGN,2026-07-31T18:28:10.985Z,2026-07-31T18:33:10.700Z,0.2153,sell-signal,Connors RSI(2)
system,BTSG,2026-07-31T15:15:22.867Z,2026-07-31T18:28:10.985Z,-2.9732,stop,Mean Reversion
system,AXTI,2026-07-31T18:15:24.116Z,2026-07-31T18:28:10.985Z,0.1407,sell-signal,Connors RSI(2)
system,AU,2026-07-31T15:23:10.241Z,2026-07-31T18:18:10.703Z,2.7000,partial-target,RSI Recovery
system,LGN,2026-07-31T15:13:12.976Z,2026-07-31T18:15:24.116Z,0.5084,sell-signal,Turtle 20 Breakout
system,IESC,2026-07-31T17:50:24.136Z,2026-07-31T18:08:11.623Z,-0.2164,sell-signal,Connors RSI(2)
system,IESC,2026-07-31T17:25:23.886Z,2026-07-31T17:50:24.136Z,-1.3600,sell-signal,Turtle 20 Breakout
system,SOFI,2026-07-29T14:38:06.815Z,2026-07-31T17:30:24.030Z,8.3864,partial-target,Flow Confirm
system,RDDT,2026-07-31T15:43:10.378Z,2026-07-31T17:25:23.886Z,3.0580,target,Mean Reversion
system,RDDT,2026-07-31T15:43:10.378Z,2026-07-31T17:00:26.488Z,1.8348,partial-target,Mean Reversion
system,ACHC,2026-07-29T15:00:23.381Z,2026-07-31T16:35:23.955Z,2.7000,partial-target,RSI Recovery
system,AMZN,2026-07-31T15:35:23.116Z,2026-07-31T15:50:24.020Z,0.2323,sell-signal,Connors RSI(2)
system,SYK,2026-07-31T15:05:11.350Z,2026-07-31T15:43:10.378Z,1.6156,target,Mean Reversion
system,AXTI,2026-07-31T15:28:10.573Z,2026-07-31T15:35:23.116Z,1.5781,sell-signal,Connors RSI(2)
system,SYK,2026-07-31T15:05:11.350Z,2026-07-31T15:28:10.573Z,0.9694,partial-target,Mean Reversion
system,SXI,2026-07-31T15:05:11.350Z,2026-07-31T15:25:23.708Z,-1.4579,sell-signal,EMA Pullback Swing
system,RGEN,2026-07-28T17:43:05.596Z,2026-07-31T15:23:10.241Z,-7.0000,stop,EMA Pullback Swing
system,NWL,2026-07-31T15:05:11.350Z,2026-07-31T15:18:10.293Z,-0.4384,sell-signal,Connors RSI(2)
system,VFC,2026-07-29T13:45:20.287Z,2026-07-31T15:15:22.867Z,-3.5000,stop,Mean Reversion
system,TEVA,2026-07-29T14:40:20.640Z,2026-07-31T15:05:52.747Z,2.0400,partial-target,EMA Reclaim Trend
system,ICLR,2026-07-28T13:50:17.744Z,2026-07-31T15:05:11.350Z,-7.0000,stop,Donchian Swing
system,SH,2026-07-28T14:28:07.587Z,2026-07-31T15:05:11.350Z,-0.6107,sell-signal,System Regime Hedge
system,UL,2026-07-29T13:30:20.769Z,2026-07-31T15:05:11.350Z,0.7408,trailing-stop,Mean Reversion
system,GRMN,2026-07-29T13:48:07.019Z,2026-07-31T15:05:11.350Z,0.6132,sell-signal,Flow Confirm
system,CTSH,2026-07-29T14:05:23.646Z,2026-07-31T15:05:11.350Z,1.1596,trailing-stop,Turtle 20 Breakout
system,LGN,2026-07-29T14:28:09.765Z,2026-07-31T15:05:11.350Z,3.3815,target,Mean Reversion
system,QURE,2026-07-29T14:33:06.865Z,2026-07-31T15:05:11.350Z,6.7000,target,Trend Pulse
system,LFUS,2026-07-29T15:05:23.595Z,2026-07-31T15:05:11.350Z,4.0000,target,Relative Strength Leader
system,IQV,2026-07-28T19:50:20.393Z,2026-07-29T15:05:23.595Z,1.6647,trailing-stop,Trend Pulse
system,OSCR,2026-07-28T18:35:19.566Z,2026-07-29T15:00:23.381Z,-1.6784,sell-signal,EMA Pullback Swing
system,ACHC,2026-07-29T14:30:22.201Z,2026-07-29T14:40:20.640Z,-3.5000,stop,RSI Recovery
system,F,2026-07-29T13:53:06.804Z,2026-07-29T14:38:06.815Z,-2.0674,sell-signal,Flow Confirm
system,RH,2026-07-27T13:35:48.298Z,2026-07-29T14:30:22.201Z,-7.0000,stop,EMA Pullback Swing
system,SANM,2026-07-28T15:23:04.995Z,2026-07-29T14:28:09.765Z,1.4300,trailing-stop,RSI Recovery
system,LGN,2026-07-29T13:53:06.804Z,2026-07-29T14:28:09.765Z,-1.8902,stop,Mean Reversion
system,GLW,2026-07-28T19:10:20.799Z,2026-07-29T14:05:23.646Z,4.0000,target,Relative Strength Leader
system,CLS,2026-07-28T19:40:19.763Z,2026-07-29T13:53:06.804Z,-3.8232,sell-signal,Flow Confirm
system,UL,2026-07-29T13:30:20.769Z,2026-07-29T13:53:06.804Z,1.3307,partial-target,Mean Reversion
system,LGN,2026-07-29T13:40:20.258Z,2026-07-29T13:53:06.804Z,-0.4954,stop,Mean Reversion
system,AXTI,2026-07-28T19:30:19.220Z,2026-07-29T13:48:07.019Z,-2.4000,stop,Relative Strength Leader
system,FPS,2026-07-28T19:48:06.045Z,2026-07-29T13:48:07.019Z,-5.0000,stop,Flow Confirm
system,VFC,2026-07-29T13:35:22.535Z,2026-07-29T13:45:20.287Z,-3.5000,stop,Mean Reversion
system,LGN,2026-07-29T13:30:29.398Z,2026-07-29T13:40:20.258Z,-0.3324,stop,Mean Reversion
system,GLW,2026-07-28T19:10:20.799Z,2026-07-29T13:35:31.023Z,2.4000,partial-target,Relative Strength Leader
system,AMKR,2026-07-28T15:40:20.023Z,2026-07-29T13:35:22.535Z,2.2536,target,Mean Reversion
system,SANM,2026-07-28T15:23:04.995Z,2026-07-29T13:33:07.112Z,2.7000,partial-target,RSI Recovery
system,AMKR,2026-07-28T15:40:20.023Z,2026-07-29T13:33:07.112Z,1.3522,partial-target,Mean Reversion
system,FRMI,2026-07-28T17:53:05.629Z,2026-07-29T13:30:29.398Z,-3.5000,stop,RSI Recovery
system,BE,2026-07-28T19:40:19.763Z,2026-07-29T13:30:20.769Z,4.0000,target,Relative Strength Leader
system,AAOI,2026-07-28T16:33:05.599Z,2026-07-28T19:50:20.393Z,0.9579,trailing-stop,RSI Recovery
system,DELL,2026-07-28T15:38:05.685Z,2026-07-28T19:48:06.045Z,2.5067,sell-signal,Flow Confirm
system,WDC,2026-07-28T14:48:06.193Z,2026-07-28T19:40:19.763Z,5.8130,sell-signal,Flow Confirm
system,SNDK,2026-07-28T16:10:19.838Z,2026-07-28T19:40:19.763Z,-0.0491,sell-signal,Flow Confirm
system,FPS,2026-07-28T18:35:19.566Z,2026-07-28T19:30:19.220Z,1.4534,target,Mean Reversion
system,ONTO,2026-07-28T14:03:07.210Z,2026-07-28T19:10:20.799Z,2.8096,sell-signal,Mean Reversion
system,FPS,2026-07-28T18:35:19.566Z,2026-07-28T19:10:20.799Z,0.8721,partial-target,Mean Reversion
system,GLW,2026-07-28T13:53:06.424Z,2026-07-28T18:35:19.566Z,6.3826,sell-signal,Mean Reversion
system,LITE,2026-07-28T15:05:18.875Z,2026-07-28T17:53:05.629Z,1.8112,trailing-stop,RSI Recovery
system,MKSI,2026-07-28T15:50:18.747Z,2026-07-28T17:43:05.596Z,-1.1147,sell-signal,Turtle 20 Breakout
system,RGEN,2026-07-28T17:40:26.794Z,2026-07-28T17:43:05.596Z,0.3005,sell-signal,Connors RSI(2)
system,RGEN,2026-07-28T13:33:06.862Z,2026-07-28T17:40:26.794Z,5.2284,sell-signal,Turtle 20 Breakout
system,AXTI,2026-07-28T14:48:06.193Z,2026-07-28T16:33:05.599Z,1.6562,trailing-stop,RSI Recovery
system,TRU,2026-07-28T13:45:17.921Z,2026-07-28T16:10:19.838Z,0.7685,sell-signal,Flow Confirm
system,LITE,2026-07-28T15:05:18.875Z,2026-07-28T16:03:05.586Z,2.7000,partial-target,RSI Recovery
system,UL,2026-07-28T15:38:05.685Z,2026-07-28T15:50:18.747Z,0.0602,sell-signal,Connors RSI(2)
system,AXTI,2026-07-28T14:48:06.193Z,2026-07-28T15:45:27.557Z,2.7000,partial-target,RSI Recovery
system,FRMI,2026-07-28T14:13:06.209Z,2026-07-28T15:40:20.023Z,2.4344,trailing-stop,Mean Reversion
system,UL,2026-07-28T13:31:00.089Z,2026-07-28T15:38:05.685Z,0.0527,sell-signal,Turtle 20 Breakout
system,BE,2026-07-28T15:05:18.875Z,2026-07-28T15:38:05.685Z,1.4909,trailing-stop,Flow Confirm
system,FRMI,2026-07-28T14:13:06.209Z,2026-07-28T15:23:04.995Z,4.3974,partial-target,Mean Reversion
system,W,2026-07-27T14:28:09.689Z,2026-07-28T15:05:18.875Z,3.8353,trailing-stop,EMA Pullback Swing
system,IQV,2026-07-28T13:31:00.089Z,2026-07-28T14:30:26.567Z,2.5404,sell-signal,Turtle 20 Breakout
system,SH,2026-07-28T13:38:06.233Z,2026-07-28T14:28:07.587Z,0.1190,sell-signal,Flow Confirm
system,BKR,2026-07-27T14:45:50.750Z,2026-07-28T14:15:26.980Z,-2.4000,stop,Relative Strength Leader
system,FRMI,2026-07-28T14:05:25.863Z,2026-07-28T14:13:06.209Z,-2.7580,stop,Mean Reversion
system,SLB,2026-07-27T19:50:44.691Z,2026-07-28T14:05:25.863Z,0.5572,target,Mean Reversion
system,CVLT,2026-07-28T13:35:18.623Z,2026-07-28T14:03:07.210Z,-3.5000,stop,Mean Reversion
system,SLB,2026-07-27T19:50:44.691Z,2026-07-28T14:00:28.209Z,0.3343,partial-target,Mean Reversion
system,AMKR,2026-07-28T13:31:00.089Z,2026-07-28T13:53:06.424Z,-3.5000,stop,Mean Reversion
system,FIG,2026-07-28T13:38:06.233Z,2026-07-28T13:53:06.424Z,-1.3052,sell-signal,Breakout Engine
system,ZETA,2026-07-28T13:43:06.196Z,2026-07-28T13:50:17.744Z,1.5640,sell-signal,Connors RSI(2)
system,ELF,2026-07-27T19:51:15.462Z,2026-07-28T13:45:17.921Z,1.8921,trailing-stop,Donchian Swing
system,NAVN,2026-07-27T17:18:07.291Z,2026-07-28T13:43:06.196Z,1.6935,trailing-stop,Relative Strength Leader
system,ZETA,2026-07-27T19:41:14.062Z,2026-07-28T13:43:06.196Z,-1.8705,sell-signal,EMA Pullback Swing
system,MSTR,2026-07-27T14:10:46.949Z,2026-07-28T13:38:06.233Z,-2.4000,stop,Relative Strength Leader
system,FIG,2026-07-27T16:55:55.015Z,2026-07-28T13:38:06.233Z,1.2580,trailing-stop,Trend Pulse
system,CVLT,2026-07-28T13:31:00.089Z,2026-07-28T13:35:18.623Z,0.9886,trailing-stop,Mean Reversion
system,MU,2026-07-28T13:31:00.089Z,2026-07-28T13:33:06.862Z,-0.8252,sell-signal,Flow Confirm
system,RGTI,2026-07-27T19:33:05.618Z,2026-07-28T13:31:00.089Z,-4.2935,sell-signal,Flow Confirm
system,BMNR,2026-07-27T17:20:50.265Z,2026-07-28T13:30:52.073Z,1.7798,trailing-stop,Flow Confirm
system,HUBS,2026-07-27T19:33:35.881Z,2026-07-28T13:30:52.073Z,1.1925,target,Mean Reversion
system,MXL,2026-07-27T19:40:43.784Z,2026-07-28T13:30:52.073Z,-5.0000,stop,Flow Confirm
system,KVYO,2026-07-27T19:46:14.099Z,2026-07-28T13:30:52.073Z,0.8810,target,Mean Reversion
system,IOT,2026-07-27T19:26:13.961Z,2026-07-27T19:51:15.462Z,-0.6154,sell-signal,Connors RSI(2)
system,SLB,2026-07-27T13:30:50.546Z,2026-07-27T19:50:44.691Z,-1.5371,sell-signal,EMA Reclaim Trend
system,TYL,2026-07-27T19:11:17.913Z,2026-07-27T19:46:14.099Z,-0.8340,sell-signal,Connors RSI(2)
system,RDDT,2026-07-27T16:18:37.680Z,2026-07-27T19:41:14.062Z,-0.4629,sell-signal,EMA Pullback Swing
system,MXL,2026-07-27T16:26:09.109Z,2026-07-27T19:40:43.784Z,1.5561,trailing-stop,Flow Confirm
system,WDAY,2026-07-27T14:31:19.502Z,2026-07-27T19:33:35.881Z,1.2619,trailing-stop,Donchian Swing
system,KVYO,2026-07-27T14:28:09.689Z,2026-07-27T19:33:05.618Z,2.0525,trailing-stop,Trend Pulse
system,NOW,2026-07-27T15:13:10.534Z,2026-07-27T19:26:13.961Z,1.5794,trailing-stop,Flow Confirm
system,GWRE,2026-07-27T15:33:10.296Z,2026-07-27T19:11:17.913Z,1.2951,sell-signal,Turtle 20 Breakout
system,TTMI,2026-07-27T17:30:50.480Z,2026-07-27T18:03:12.123Z,0.5534,trailing-stop,Mean Reversion
system,TTMI,2026-07-27T17:30:50.480Z,2026-07-27T17:53:10.538Z,0.8268,partial-target,Mean Reversion
system,NAVN,2026-07-27T17:18:07.291Z,2026-07-27T17:43:16.470Z,2.4000,partial-target,Relative Strength Leader
system,KVYO,2026-07-27T14:28:09.689Z,2026-07-27T17:33:10.217Z,4.0200,partial-target,Trend Pulse
system,SIMO,2026-07-27T15:15:48.879Z,2026-07-27T17:30:50.480Z,1.6037,trailing-stop,Mean Reversion
system,BMNR,2026-07-27T17:13:45.472Z,2026-07-27T17:20:50.265Z,0.5147,sell-signal,Connors RSI(2)
system,HUBS,2026-07-27T13:30:50.546Z,2026-07-27T17:18:07.291Z,5.8219,sell-signal,Flow Confirm
system,EQIX,2026-07-27T14:18:08.333Z,2026-07-27T17:13:45.472Z,-1.6575,stop,Mean Reversion
system,BMNR,2026-07-27T14:46:21.684Z,2026-07-27T16:55:55.015Z,0.9388,trailing-stop,EMA Reclaim Trend
system,BMNR,2026-07-27T14:46:21.684Z,2026-07-27T16:35:48.512Z,2.0400,partial-target,EMA Reclaim Trend
system,SIMO,2026-07-27T15:15:48.879Z,2026-07-27T16:30:50.978Z,2.4797,partial-target,Mean Reversion
system,SHOP,2026-07-27T15:26:19.990Z,2026-07-27T16:26:09.109Z,0.0886,sell-signal,Flow Confirm
system,AGX,2026-07-27T15:58:10.587Z,2026-07-27T16:18:37.680Z,0.5106,trailing-stop,Mean Reversion
system,AGX,2026-07-27T15:58:10.587Z,2026-07-27T16:16:17.349Z,1.1059,partial-target,Mean Reversion
system,ACHC,2026-07-27T13:45:45.939Z,2026-07-27T15:58:10.587Z,1.4485,trailing-stop,Mean Reversion
system,QBTS,2026-07-27T14:48:48.173Z,2026-07-27T15:33:10.296Z,0.9597,trailing-stop,EMA Reclaim Trend
system,JBS,2026-07-27T14:38:09.403Z,2026-07-27T15:26:19.990Z,0.0000,sell-signal,Flow Confirm
system,QBTS,2026-07-27T14:48:48.173Z,2026-07-27T15:20:51.442Z,2.0400,partial-target,EMA Reclaim Trend
system,SNDK,2026-07-27T14:35:48.679Z,2026-07-27T15:15:48.879Z,1.3701,trailing-stop,Mean Reversion
system,NOW,2026-07-27T13:30:50.546Z,2026-07-27T15:13:10.534Z,2.2262,target,Breakout Engine
system,NOW,2026-07-27T13:30:50.546Z,2026-07-27T15:05:50.814Z,1.3357,partial-target,Breakout Engine
system,HUBS,2026-07-27T13:30:50.546Z,2026-07-27T15:05:50.814Z,4.0200,partial-target,Flow Confirm
system,RGTI,2026-07-27T14:20:48.308Z,2026-07-27T14:46:21.684Z,-1.9455,sell-signal,Connors RSI(2)
system,QBTS,2026-07-27T14:41:19.925Z,2026-07-27T14:46:21.684Z,1.1659,sell-signal,Connors RSI(2)
system,BKR,2026-07-27T14:00:57.336Z,2026-07-27T14:45:50.750Z,-1.9114,sell-signal,Flow Confirm
system,ARM,2026-07-27T13:30:50.546Z,2026-07-27T14:40:49.342Z,-3.5000,stop,RSI Recovery
system,IONQ,2026-07-27T14:10:46.949Z,2026-07-27T14:38:09.403Z,-3.3177,sell-signal,Flow Confirm
system,RDDT,2026-07-27T14:18:08.333Z,2026-07-27T14:35:48.679Z,-0.7265,sell-signal,EMA Pullback Swing
system,SNDK,2026-07-27T14:13:38.270Z,2026-07-27T14:31:19.502Z,-1.7895,stop,Mean Reversion
system,SMR,2026-07-27T13:43:07.546Z,2026-07-27T14:28:09.689Z,-2.4000,stop,Relative Strength Leader
system,CRWV,2026-07-27T13:43:07.546Z,2026-07-27T14:28:09.689Z,-3.5000,stop,RSI Recovery
system,QBTS,2026-07-27T13:40:47.627Z,2026-07-27T14:20:48.308Z,-1.5000,stop,Breakout Engine
system,ACHC,2026-07-27T13:45:45.939Z,2026-07-27T14:18:39.029Z,2.5697,partial-target,Mean Reversion
system,RGTI,2026-07-27T13:43:07.546Z,2026-07-27T14:18:08.333Z,-1.4688,stop,Breakout Engine
system,EQIX,2026-07-27T13:43:07.546Z,2026-07-27T14:18:08.333Z,-1.8100,stop,Mean Reversion
system,SNDK,2026-07-27T14:03:37.090Z,2026-07-27T14:13:38.270Z,-0.7541,stop,Mean Reversion
system,IONQ,2026-07-27T13:48:07.169Z,2026-07-27T14:10:46.949Z,0.9318,trailing-stop,Flow Confirm
system,NBIS,2026-07-27T13:38:37.468Z,2026-07-27T14:03:37.090Z,-3.5000,stop,RSI Recovery
system,SNDK,2026-07-27T13:58:06.900Z,2026-07-27T14:01:27.792Z,-0.8824,stop,Mean Reversion
system,LITE,2026-07-27T13:30:50.546Z,2026-07-27T14:00:57.336Z,-5.0000,stop,Flow Confirm
system,SMTC,2026-07-27T13:40:47.627Z,2026-07-27T13:58:06.900Z,-0.6559,stop,Mean Reversion
system,CIFR,2026-07-27T13:30:50.546Z,2026-07-27T13:48:07.169Z,1.3052,trailing-stop,Flow Confirm
system,ACHC,2026-07-27T13:33:37.227Z,2026-07-27T13:45:45.939Z,-0.2168,stop,Mean Reversion
system,CRWV,2026-07-27T13:30:50.546Z,2026-07-27T13:43:07.546Z,1.0739,trailing-stop,RSI Recovery
system,EQIX,2026-07-27T13:33:07.183Z,2026-07-27T13:43:07.546Z,0.4472,sell-signal,Connors RSI(2)
system,ALGM,2026-07-27T13:36:18.692Z,2026-07-27T13:43:07.546Z,-1.5000,stop,Breakout Engine
system,BE,2026-07-27T13:36:18.692Z,2026-07-27T13:43:07.546Z,-2.4000,stop,Relative Strength Leader
system,SMTC,2026-07-27T13:30:50.546Z,2026-07-27T13:40:47.627Z,-1.0411,stop,Mean Reversion
system,QBTS,2026-07-27T13:33:37.227Z,2026-07-27T13:40:47.627Z,5.5183,target,Breakout Engine
system,NBIS,2026-07-27T13:30:50.546Z,2026-07-27T13:38:37.468Z,1.4659,trailing-stop,RSI Recovery
system,ALGM,2026-07-27T13:30:50.546Z,2026-07-27T13:36:18.692Z,1.3074,target,Breakout Engine
system,ALGM,2026-07-27T13:30:50.546Z,2026-07-27T13:35:48.298Z,0.7845,partial-target,Breakout Engine
system,WULF,2026-07-27T13:30:50.546Z,2026-07-27T13:35:48.298Z,1.4565,target,Mean Reversion
system,NBIS,2026-07-27T13:30:50.546Z,2026-07-27T13:35:48.298Z,2.7000,partial-target,RSI Recovery
system,QBTS,2026-07-27T13:33:37.227Z,2026-07-27T13:35:48.298Z,3.3110,partial-target,Breakout Engine
system,CRDO,2026-07-27T13:30:50.546Z,2026-07-27T13:33:37.227Z,0.5499,trailing-stop,Breakout Engine
system,MYRG,2026-07-27T13:30:50.546Z,2026-07-27T13:33:37.227Z,0.4500,trailing-stop,Mean Reversion
system,WULF,2026-07-27T13:30:50.546Z,2026-07-27T13:33:37.227Z,0.8739,partial-target,Mean Reversion
system,CRDO,2026-07-27T13:30:50.546Z,2026-07-27T13:31:21.941Z,0.7498,partial-target,Breakout Engine
system,MYRG,2026-07-27T13:30:50.546Z,2026-07-27T13:31:21.941Z,0.8916,partial-target,Mean Reversion
